conversation_id_str,created_at,favorite_count,full_text,id_str,image_url,in_reply_to_screen_name,lang,location,quote_count,reply_count,retweet_count,tweet_url,user_id_str,username
2105522044175852020,2026-10-01T04:55:52.000Z,0,Penegakan hukum karhutla memang bergerak. Tetapi pergerakannya belum sama antara pelaku perorangan dan korporasi. Yang perlu dilihat berikutnya adalah apa yang membuat perkara korporasi belum sampai pada penetapan tersangka.,2105522060948856917,,signal__decode,in,,0,0,0,https://x.com/signal__decode/status/2105522060948856917,2084319198747234305,signal__decode
2105522044175852020,2026-10-01T04:55:48.000Z,0,"Kejagung menerima 172 SPDP perkara pidana karhutla sepanjang Januari–September 2026: 120 perkara perorangan dan 52 perkara korporasi. Sebanyak 9 perkara sudah P21 dan 6 dilimpahkan ke pengadilan. Namun, seluruh perkara korporasi masih berada dalam tahap penyidikan. https://t.co/iQjCGeTGeW",2105522044175852020,https://pbs.twimg.com/media/HThRI0SawAAe62S.jpg,,in,,0,1,0,https://x.com/signal__decode/status/2105522044175852020,2084319198747234305,signal__decode
2105521389986083115,2026-10-01T04:53:12.000Z,0,Polsek Menjalin Edukasi Warga Cegah Karhutla Sejak Dini https://t.co/tYGEYETVLj,2105521389986083115,https://pbs.twimg.com/media/HThQiFhbAAAen80.jpg,,in,,0,0,0,https://x.com/Polsek_Menjalin/status/2105521389986083115,1916840631777083392,Polsek_Menjalin
2105521337599164741,2026-10-01T04:53:00.000Z,0,"*Karhutla di Amburawang Laut Meluas, Tim Gabungan Berjibaku Padamkan Api 4 Jam* https://t.co/AJ7dLEHl0v",2105521337599164741,https://pbs.twimg.com/media/HThQfiiaUAAI7Wj.jpg,,in,,0,0,0,https://x.com/polsekmuarajawa/status/2105521337599164741,1262290263872950273,polsekmuarajawa
2105521192312717428,2026-10-01T04:52:25.000Z,46,"Di tengah kepungan api dan asap, orangutan berusia sekitar 4 tahun, ditemukan bertahan di atas pohon di kawasan Katune, Palangka Raya.

Simak video selengkapnya di https://t.co/YaKiGG9TyM
#HardNews_Viral #NewsOne #CariBeritaditvOne #Orangutan #Kalimantan #Karhutla #FO02 https://t.co/OtTcINUfbI",2105521192312717428,https://pbs.twimg.com/amplify_video_thumb/2105520608331333632/img/a-htxrulyyARQx26.jpg,,in,,1,1,14,https://x.com/tvOneNews/status/2105521192312717428,55507370,tvOneNews
2105521076797374878,2026-10-01T04:51:58.000Z,0,"*Cegah Api Sebelum Berkobar, Polsek Muara Kaman Sisir Kawasan Rawan Karhutla* https://t.co/czTGLp0mSi",2105521076797374878,https://pbs.twimg.com/media/HThQQTGakAA14-3.jpg,,in,,0,0,0,https://x.com/polsekmuarajawa/status/2105521076797374878,1262290263872950273,polsekmuarajawa
2105520918672146813,2026-10-01T04:51:20.000Z,0,"*Karhutla di Samboja Bakar 1,5 Hektare Lahan Gambut, Tim Gabungan Bergerak Cepat*

Kukar — Kebakaran lahan gambut dan semak belukar terjadi di RT 003, Kelurahan Wonotirto, Kecamatan Samboja, Kutai Kartanegara, Rabu (30/9/2026) sore. Api membakar sekitar 1,5 hektare lahan https://t.co/WWKaNWt1Kp",2105520918672146813,https://pbs.twimg.com/media/HThQHAIagAAyrc2.jpg,,in,,0,0,0,https://x.com/polsekmuarajawa/status/2105520918672146813,1262290263872950273,polsekmuarajawa
2105520810857521507,2026-10-01T04:50:55.000Z,0,"Btw daerah karhutla udah hujan belum yaa, semoga aja udah ya allah",2105520814292635936,,sleepevrdy,in,,0,0,0,https://x.com/sleepevrdy/status/2105520814292635936,1098573830270799872,sleepevrdy
2105520684143104200,2026-10-01T04:50:24.000Z,0,"TERHARU! Kementerian Pertahanan Jepang resmi mengakhiri operasi bantuan penanggulangan Karhutla di K
#TVRakyat #Karhutla #Kalbar #JSDF #Jepang #BeritaViral https://t.co/l5yw2v3N07",2105520684143104200,https://pbs.twimg.com/ext_tw_video_thumb/2105520595509075968/pu/img/dhySgLM59PJ9e36h.jpg,,in,,0,0,0,https://x.com/tvrkytberitakit/status/2105520684143104200,2091715634300407808,tvrkytberitakit
2105520303644508650,2026-10-01T04:48:53.000Z,0,"Cegah Karhutla, Polsek Pangkalan Banteng Gencarkan Patroli dan Sosialisasi Karhutla di Desa Marga Mulya

Guna mengantisipasi potensi kebakaran hutan dan lahan (Karhutla), Personel Polsek Pangkalan Banteng menggelar kegiatan patroli dialogis dan pengawasan di sejumlah titik rawan. https://t.co/55GQ2a1SHY",2105520303644508650,https://pbs.twimg.com/media/HThPhZ5bMAAiZeF.jpg,,in,,0,0,0,https://x.com/polreskobar007/status/2105520303644508650,1646707520852094976,polreskobar007
2105520062077772051,2026-10-01T04:47:56.000Z,0,"*Cegah Karhutla Sejak Dini, Polsek Sangasanga Rutin Pantau Wilayah Rawan*

Kukar — Upaya mencegah kebakaran hutan dan lahan (karhutla) terus dilakukan Polsek Sangasanga dengan memperkuat pemantauan langsung di wilayah rawan. Rabu (30/9/2026), https://t.co/4lkMAh8ywo",2105520062077772051,https://pbs.twimg.com/media/HThPVTJawAAd0_W.jpg,,in,,0,0,0,https://x.com/polsekmuarajawa/status/2105520062077772051,1262290263872950273,polsekmuarajawa
2105519928463990788,2026-10-01T04:47:24.000Z,0,"Beredar narasi bahwa Jepang gagal memadamkan kebakaran hutan dan lahan di Kalimantan, lalu pulang karena tidak sanggup. Caption itu menempel di foto Kompas berjudul “Jepang Akhiri Misi Bantuan Pemadaman Karhutla di Kalimantan, Tersisa 96,07 Hektare yang Belum Padam”.

Judul itu",2105519928463990788,,,in,,0,0,0,https://x.com/0KTAV1ANUSK0K0H/status/2105519928463990788,2082792899717267456,0KTAV1ANUSK0K0H
2105519805440950688,2026-10-01T04:46:54.000Z,0,"*Cegah Karhutla Makin Meluas, Polsek Kota Bangun Ingatkan Warga Soal Bahaya Membakar Lahan*

Kukar — Upaya mencegah kebakaran hutan dan lahan (karhutla) terus digencarkan Polsek Kota Bangun. Personel kepolisian turun langsung memberikan pembinaan dan penyuluhan (binluh) https://t.co/J5OEGYxI9T",2105519805440950688,https://pbs.twimg.com/media/HThPGV6bcAAX88a.jpg,,in,,0,0,0,https://x.com/polsekmuarajawa/status/2105519805440950688,1262290263872950273,polsekmuarajawa
2105519764445757752,2026-10-01T04:46:45.000Z,0,"Cegah Kebakaran Hutan dan Lahan, Polsek Arut Utara Gelar Patroli dan Sosialisasi ke Warga Pangkut

Upaya mengantisipasi dan meminimalisir risiko Kebakaran Hutan dan Lahan (Karhutla) terus digencarkan oleh Jajaran Polres Kotawaringin Barat. Personel Polsek Arut Utara melaksanakan https://t.co/x6sFhoyWcv",2105519764445757752,https://pbs.twimg.com/media/HThO_DsbYAA2WKh.jpg,,in,,0,0,0,https://x.com/polreskobar007/status/2105519764445757752,1646707520852094976,polreskobar007
2105519438112112965,2026-10-01T04:45:27.000Z,7,"Ud jelas si lansia bkn memberantas korupsi tp menyuburkan korupsi, mn nih voter 02 dan artis2 yg ngedukung? Dosa kalian besar tiada taranya sebesar dosa junjungan kalian itu dan kalian jg penbunuh satwa di karhutla dan mereka yg di Sumatera.",2105519438112112965,,,in,,0,0,1,https://x.com/xianzhouzhuming/status/2105519438112112965,1083554107883843584,xianzhouzhuming
2105518249790362025,2026-10-01T04:40:44.000Z,12,"TIDAK MENGENAL LELAH.
Di tengah asap dan panasnya api, langkah terus bergerak demi memadamkan Karhutla.

Tak peduli siang ataupun malam, tugas tetap dijalankan.
Pantang menyerah, terus berjuang untuk Kalteng bebas dari Karhutla dan asap. https://t.co/hldKMa4Tes",2105518249790362025,https://pbs.twimg.com/amplify_video_thumb/2105518212989460480/img/0TpcYkRosgvV4akx.jpg,,in,,3,10,4,https://x.com/ayam_keren38444/status/2105518249790362025,1978347330467422208,ayam_keren38444
2105517393196016046,2026-10-01T04:37:19.000Z,0,Stop Karhutla https://t.co/Av3Uj0v7AK,2105517393196016046,https://pbs.twimg.com/amplify_video_thumb/2105517368923619328/img/k0-Ak_6Q_K2owQ_r.jpg,,sl,,0,0,0,https://x.com/PolsekBPC2026/status/2105517393196016046,2025795690111352832,PolsekBPC2026
2105517286933344711,2026-10-01T04:36:54.000Z,0,"Makin hari kabut asap karhutla makin tebel, kemaren kualitas udara mencapai 306 dan punya pemimpin kayak gini tuh petaka banget bagi rakyat😭 
Sebelumnya laporan ke wowo sudah tidak ada titik api https://t.co/TJEok0jd5P",2105517286933344711,https://pbs.twimg.com/media/HThMzzjbEAAZup0.jpg,,in,,0,0,0,https://x.com/naniadalahapa/status/2105517286933344711,321940110,naniadalahapa
2105516337477104025,2026-10-01T04:33:08.000Z,0,"Kemarau panjang, tingkatkan kewaspadaan! Bhabinkamtibmas Manggar Aipda Edy Wahyudi mengajak warga bersama-sama mencegah karhutla dan menjaga lingkungan tetap aman.

#PolrestaBalikpapan #CegahKarhutla #Bhabinkamtibmas https://t.co/viB4AAAJjy",2105516337477104025,https://pbs.twimg.com/media/HThL8TZagAAAb0M.jpg,,in,,0,0,0,https://x.com/Humas439/status/2105516337477104025,1641314007503228928,Humas439
2105514355093840344,2026-10-01T04:32:30.000Z,0,"@NandautamiN Yg lebeh dak jelas tu gubernur nyo sih, la di enjok presiden duet 100m Samo motor trail untuk penanganan karhutla tapi dak di gunoke, itu namonyo dak amanah",2105516180513640653,,NandautamiN,in,,0,1,0,https://x.com/GusDikaOfficial/status/2105516180513640653,2083399609460965376,GusDikaOfficial
2105515539254960447,2026-10-01T04:30:00.000Z,2,jadi mulai sekarang kalo bisa kita bahas yg lebih urgensi aja ya misal karhutla di layo unsr!,2105515549333795049,,unsrifess,in,,0,0,0,https://x.com/unsrifess/status/2105515549333795049,1482254538,unsrifess
2105515508086817234,2026-10-01T04:29:50.000Z,3,"Ketua DPR Papua Barat Orgenes Wonggor menilai Pemprov Papua Barat belum maksimal menangani kebakaran hutan dan lahan. Ia meminta tim lintas instansi disiapkan sebelum bencana terjadi serta menegaskan penanganan tidak boleh hanya dibebankan kepada pemerintah kabupaten.

Karhutla, https://t.co/O2Jwxp6FT6",2105515508086817234,https://pbs.twimg.com/media/HThLMgzWMAAhgWX.jpg,,in,,0,2,0,https://x.com/News_jubi/status/2105515508086817234,1023114824,News_jubi
2105515090699305383,2026-10-01T04:28:10.000Z,0,"Karhutla Bengkalis Mencapai 8.573 Hektare, Kasmarni Bicara Restorasi Gambut
 https://t.co/7mPdvoEZSf",2105515090699305383,,,in,,0,0,0,https://x.com/romyfanboy/status/2105515090699305383,1450818985503571969,romyfanboy
2105513987702129119,2026-10-01T04:23:47.000Z,0,"Hotspot Karhutla Muncul di Temajuk Paloh, Petugas Gabungan Bergerak Padamkan Api https://t.co/yog6wfGqnz",2105513987702129119,https://pbs.twimg.com/media/HThJyh5bcAAYbwh.jpg,,in,,0,0,0,https://x.com/POLSEKPALOH/status/2105513987702129119,1269280576965615616,POLSEKPALOH
2105513762019299546,2026-10-01T04:22:54.000Z,0,"PATROLI KARHUTLA, SOSIALISASI DAN PENYEBARAN MAKLUMAD DI WILAYAH HUKUM POLSEK TRIENGGADENG
@kapolda_aceh
SPRIPIM POLDA ACEH
@bidhumaspolripresisi
@divisihumaspolripresisi
Tendri Wardi
@polisi_peduli
polisiku
Halo Polisi
Polisi indonesia https://t.co/kfK1DKxvJs",2105513762019299546,https://pbs.twimg.com/media/HThJjupaAAIuRGv.jpg,,in,,0,0,0,https://x.com/POLSEKTRG01/status/2105513762019299546,1587991763457019905,POLSEKTRG01
2105511484214407189,2026-10-01T04:13:51.000Z,0,"Misi bantuan Jepang buat karhutla di Kalimantan resmi berakhir. Terima kasih SDF — 40 sorti, 220+ ton air.
https://t.co/7ABbntm7Zx",2105511484214407189,,,in,,0,0,0,https://x.com/adarwis/status/2105511484214407189,10114952,adarwis
2105511301573419096,2026-10-01T04:13:07.000Z,2,"Sinergi TNI-Polri, Damkar dan Warga Berhasil Kendalikan Karhutla di Muara Langon

#poldakaltim #divhumas #polriuntukmasyarakat https://t.co/0EjJexcDhV",2105511301573419096,https://pbs.twimg.com/media/HThHXhqb0AAKwlI.jpg,,in,,0,0,0,https://x.com/Poldakaltim/status/2105511301573419096,226140504,Poldakaltim
2105282480538562935,2026-10-01T04:11:05.000Z,30,"@Zerobench_f @rivierrasndrs Negara sendiri aja udh dieksploitasi, banjir bandang sumatera, karhutla kalimantan, kalo bukan krn eksploitasi kekayaan alam negara sendiri, lalu apa?",2105510791927697581,,Zerobench_f,in,,0,1,0,https://x.com/kireitademo/status/2105510791927697581,1915569251169296390,kireitademo
2105510519302213677,2026-10-01T04:10:00.000Z,0,Kegiatan Sosialisasi dan pencegahan terhadap Karhutla di wilayah Kecematan Karang Bintang Kab.Tanah Bumbu https://t.co/Eu9XlnH6fy,2105510519302213677,https://pbs.twimg.com/media/HThGpLHaUAAqVcx.jpg,,in,,0,0,0,https://x.com/Polsekkarbin1/status/2105510519302213677,1599567689814458369,Polsekkarbin1
2105509668315607406,2026-10-01T04:06:38.000Z,0,Kata siapa #karhutla Palembang biasa-biasa saja? Lihat langit kami tak lagi berwarna biru sudah hampir tiga bulan. Ada lagunya ini.. sampai langit tak biru lagi artinya tidak baik-baik saja. https://t.co/hAXaYzep5v,2105509668315607406,https://pbs.twimg.com/amplify_video_thumb/2105509632953524224/img/qen-wfHLX921_MOF.jpg,,in,,0,0,1,https://x.com/vampiregadiez/status/2105509668315607406,71978739,vampiregadiez
2105509300303175865,2026-10-01T04:05:10.000Z,0,"Luas Karhutla di 6 Provinsi Prioritas Menyusut, BNPB Perkuat Operasi Darat dan Udara

https://t.co/xx7gzMxggI",2105509300303175865,,,in,,0,0,0,https://x.com/suaramerdeka/status/2105509300303175865,219527452,suaramerdeka
2105509138239516933,2026-10-01T04:04:31.000Z,0,Polres Bone Bolango terus berkomitmen hadir dalam penanganan Karhutla serta menjaga keamanan dan keselamatan masyarakat. https://t.co/K0trrgdTmP,2105509138239516933,https://pbs.twimg.com/media/HThFYnUbAAA8wx-.jpg,,in,,0,0,0,https://x.com/BonbolPolres/status/2105509138239516933,1277535148431433729,BonbolPolres
2105507647705534634,2026-10-01T03:58:36.000Z,0,Lagunya barsu lirilnya bahas karhutla ya,2105507647705534634,,,in,,0,0,0,https://x.com/heyanzrh/status/2105507647705534634,333884153,heyanzrh
2105506751193940439,2026-10-01T03:55:02.000Z,0,"Dari rumah berdinding daun, kini menjadi hunian yang lebih layak dan nyaman. Berawal dari patroli karhutla, lahir kepedulian yang menghadirkan harapan bagi sebuah keluarga. https://t.co/0eIct9evCs",2105506751193940439,https://pbs.twimg.com/amplify_video_thumb/2105506546008616960/img/u82iT4E7KSQocsSC.jpg,,in,,0,0,0,https://x.com/rovanmahenu/status/2105506751193940439,1874473244599988224,rovanmahenu
2105506739592564862,2026-10-01T03:54:59.000Z,3,"Hotspot Karhutla Tembus 515 Titik, Johan Rosihan Desak Pencegahan dari Hulu

“Ada pergerakan angka yang cukup signifikan. Data SIPONGI Kehutanan itu ada 213 titik di hari Kamis, kemudian sempat naik 313 di hari Jumat, dan sampai data yang kami ikuti sampai Ahad malam kemarin itu",2105506739592564862,,,in,,0,0,1,https://x.com/FPKSDPRRI/status/2105506739592564862,91255162,FPKSDPRRI
2105506376470716534,2026-10-01T03:53:33.000Z,0,"*Karhutla di Amburawang Laut Meluas, Tim Gabungan Berjibaku Padamkan Api 4 Jam*

Kukar — Kebakaran hutan dan lahan (karhutla) melanda kawasan Jalan Gunung Panjang, RT 09, Kelurahan Amburawang Laut, Kecamatan Samboja Barat, Kutai Kartanegara, Rabu (30/9/2026). https://t.co/9WVS3WFs8i",2105506376470716534,https://pbs.twimg.com/media/HThC2NKbAAAVU07.jpg,,in,,0,0,0,https://x.com/Polsek_M_Kaman/status/2105506376470716534,1585122600090767360,Polsek_M_Kaman
2105505977193947626,2026-10-01T03:51:58.000Z,0,"https://t.co/8dcmUm9b75

#tzuchiindonesia #tzuchicabangsinarmas #baksoskesehatantzuchi #bantuansembako #bantuanalatpenanggulangankarhutla #sebarkankebaikan",2105505977193947626,,,qme,,0,0,0,https://x.com/tzuchiindonesia/status/2105505977193947626,101464971,tzuchiindonesia
2105505374594117752,2026-10-01T03:49:34.000Z,0,"*Cegah Karhutla Makin Meluas, Polsek Kota Bangun Ingatkan Warga Soal Bahaya Membakar Lahan*

Kukar — Upaya mencegah kebakaran hutan dan lahan (karhutla) terus digencarkan Polsek Kota Bangun. Personel kepolisian turun langsung memberikan pembinaan dan penyuluhan (binluh). https://t.co/EizyLBA0kp",2105505374594117752,https://pbs.twimg.com/media/HThB-X4awAAzTID.jpg,,in,,0,0,0,https://x.com/Polsektgrsbrng/status/2105505374594117752,1284684722984022018,Polsektgrsbrng
2105505131483840930,2026-10-01T03:48:36.000Z,0,"Berita Update!!! Soroti konsistensi Pemerintah dalam pemberian sanksi pelaku Karhutla.
DPR RI Fraksi PDI Perjuangan, Pak Sonny: Efek jera nya nggak ada!
#PDIPerjuangan #FraksiPDIPerjuangan #KebakaranHutan #Sanksi #BeritaTerkini https://t.co/QXe7NGZ9Bv",2105505131483840930,https://pbs.twimg.com/amplify_video_thumb/2105504862507311104/img/bcPFrjL1m7DICwMp.jpg,,in,,0,0,0,https://x.com/ceritabegini/status/2105505131483840930,1934470172880125952,ceritabegini
2105504879582364126,2026-10-01T03:47:36.000Z,0,"Kejagung Terima 172 Perkara Karhutla yang Terbanyak Wilayah Riau hingga 25 Kasus
https://t.co/luEy8qfHX6",2105504879582364126,,,in,,0,0,0,https://x.com/RiaupagiSurya/status/2105504879582364126,1541820741699923968,RiaupagiSurya
2105504721649971497,2026-10-01T03:46:58.000Z,0,"tpa kebakaran aja udh sesek napas bgt, apa kabar karhutla ya😭😭💔💔",2105504721649971497,,,in,,0,0,0,https://x.com/lvndlflm/status/2105504721649971497,1734860036,lvndlflm
2105504589319713260,2026-10-01T03:46:27.000Z,0,"*Cegah Api Sebelum Berkobar, Polsek Muara Kaman Sisir Kawasan Rawan Karhutla*

Kukar — Mencegah kebakaran hutan dan lahan (karhutla) tidak cukup hanya dengan memadamkan api. Langkah pencegahan terus diperkuat Polsek Muara Kaman melalui patroli bersama di sejumlah https://t.co/IRCglrAVOA",2105504589319713260,https://pbs.twimg.com/media/HThA2w8bMAEORmj.jpg,,in,,0,0,0,https://x.com/Polsek_M_Kaman/status/2105504589319713260,1585122600090767360,Polsek_M_Kaman
2105502310117892571,2026-10-01T03:46:01.000Z,0,"@Jelli_cent Terima kasih Jepang...
balik lagi pemerintah harus atasi Karhutla",2105504480007745791,,Jelli_cent,in,,0,0,0,https://x.com/DermagaGarely/status/2105504480007745791,1513694552443727873,DermagaGarely
2105504276332319096,2026-10-01T03:45:12.000Z,0,"SINERGI TIM SATGAS PENANGANAN KARHUTLA

Dalam upaya penanganan kebakaran hutan dan lahan (Karhutla), tim Satgas terus memperkuat sinergi di lapangan dengan melaksanakan pendinginan lahan pada area yang telah terbakar.

#PoldaKalbarSiagaKarhutla
#PolresMempawahSiagaKarhutla https://t.co/wq9fuDFoEK",2105504276332319096,https://pbs.twimg.com/media/HThA-ZpaAAARv_d.jpg,,in,,0,0,0,https://x.com/MempawahHilir/status/2105504276332319096,1268798895737327624,MempawahHilir
2105502608471568891,2026-10-01T03:38:34.000Z,1,UPDATE HARIAN HOTSPOT KARHUTLA https://t.co/Bwt34bMsj6,2105502608471568891,https://pbs.twimg.com/media/HTg_dLzagAASL1m.jpg,,nl,,0,0,0,https://x.com/DishutKalteng/status/2105502608471568891,1825429181146320896,DishutKalteng
2105502562510315735,2026-10-01T03:38:23.000Z,1,"LAPORAN HARIAN PEMADAMAN KARHUTLA
Rabu, 30 September 2026 https://t.co/PNj68TbcBh",2105502562510315735,https://pbs.twimg.com/media/HTg_aoVakAAtuxX.jpg,,in,,0,0,0,https://x.com/DishutKalteng/status/2105502562510315735,1825429181146320896,DishutKalteng
2105502243051225531,2026-10-01T03:37:07.000Z,0,"*Karhutla di Samboja Bakar 1,5 Hektare Lahan Gambut, Tim Gabungan Bergerak Cepat*

Kukar — Kebakaran lahan gambut dan semak belukar terjadi di RT 003, Kelurahan Wonotirto, Kecamatan Samboja, Kutai Kartanegara, Rabu (30/9/2026) sore. https://t.co/uwyXD4Kr4h",2105502243051225531,https://pbs.twimg.com/media/HTg_E7_bEAAyNSf.jpg,,in,,0,0,0,https://x.com/Polsek_M_Kaman/status/2105502243051225531,1585122600090767360,Polsek_M_Kaman
2105501848895717826,2026-10-01T03:35:33.000Z,0,"*Cegah Karhutla Sejak Dini, Polsek Sangasanga Rutin Pantau Wilayah Rawan*

Kukar — Upaya mencegah kebakaran hutan dan lahan (karhutla) terus dilakukan Polsek Sangasanga dengan memperkuat pemantauan langsung di wilayah rawan. https://t.co/wnudEDuBR1",2105501848895717826,https://pbs.twimg.com/media/HTg-tYta4AAfFYC.jpg,,in,,0,0,0,https://x.com/Polsek_M_Kaman/status/2105501848895717826,1585122600090767360,Polsek_M_Kaman
2105500818514616598,2026-10-01T03:31:28.000Z,0,"*Cegah Karhutla Makin Meluas, Polsek Kota Bangun Ingatkan Warga Soal Bahaya Membakar Lahan*

Kukar — Upaya mencegah kebakaran hutan dan lahan (karhutla) terus digencarkan Polsek Kota Bangun. https://t.co/dO5XmCjawt",2105500818514616598,https://pbs.twimg.com/media/HTg9ywAb0AA3jBQ.jpg,,in,,0,0,0,https://x.com/Polsek_M_Kaman/status/2105500818514616598,1585122600090767360,Polsek_M_Kaman
2105500657105121608,2026-10-01T03:30:49.000Z,0,"Mengantisipasi risiko karhutla, PLN UP2B Kaltimra terus memantau sistem secara real time untuk menjaga keamanan, kestabilan, dan keandalan pasokan listrik. ⚡

#UIP3BKAL #UP2BKaltimra #Karhutla https://t.co/aJFkhapTyk",2105500657105121608,https://pbs.twimg.com/amplify_video_thumb/2105500442545516544/img/4KYw3drExQ7_UAIZ.jpg,,in,,0,0,0,https://x.com/pln_uip3b_kal/status/2105500657105121608,1270189131159662593,pln_uip3b_kal
2105500452095713487,2026-10-01T03:30:00.000Z,0,"Sembilan pendaki memasuki kawasan karhutla di Puncak Batu Tulis, Gunung Kawi, Malang, meski jalur pendakian masih ditutup. Satu pendaki mengalami sakit perut dan sesak napas hingga petugas gabungan harus melakukan evakuasi di tengah kondisi medan dan cuaca yang menantang.",2105500452095713487,,,in,,0,0,0,https://x.com/Beritasatu/status/2105500452095713487,154102750,Beritasatu
2105499577004810301,2026-10-01T03:26:32.000Z,0,"Apresiasi untuk para pejuang kemanusiaan BPK Landsel yang selalu siaga di garis depan menghadapi karhutla. 🔥

Semoga bantuan ini mendukung keselamatan dan perjuangan para relawan di lapangan. Bersama, kita jaga bumi kita. 🤝

#BPKLandsel #PejuangKarhutla #PLN #UIP3BKAL https://t.co/SsCRoyXtR7",2105499577004810301,https://pbs.twimg.com/amplify_video_thumb/2105499342295748608/img/1fa8MiffX8R9RHw0.jpg,,in,,0,0,0,https://x.com/pln_uip3b_kal/status/2105499577004810301,1270189131159662593,pln_uip3b_kal
2105498677884445075,2026-10-01T03:24:10.000Z,3,"Dengan melihat situasi di lapangan, kebutuhan masyarakat dapat menjadi bagian dari upaya pemerintah dalam menentukan dukungan yang tepat.

Dukungan juga diberikan kepada para relawan yang berada di garis depan penanganan karhutla, termasuk upaya menghadirkan perlindungan https://t.co/Pc3djcJ4Xm",2105498982495777243,https://pbs.twimg.com/media/HTg8J08bQAA7GE1.jpg,dpmdkalteng,in,,0,1,0,https://x.com/dpmdkalteng/status/2105498982495777243,1512594544805638146,dpmdkalteng
2105498677884445075,2026-10-01T03:23:46.000Z,3,"Bantuan tunai melalui Kartu Huma Betang Sejahtera (KHBS), hingga dukungan bagi mahasiswa dan para relawan yang terlibat dalam penanganan karhutla.

Kehadiran Gubernur tidak hanya untuk menyerahkan bantuan, tetapi juga menjadi bentuk perhatian langsung terhadap kondisi masyarakat. https://t.co/6UmUbIkJqC",2105498881509441835,https://pbs.twimg.com/media/HTg8D24akAA0VCH.jpg,dpmdkalteng,in,,0,1,0,https://x.com/dpmdkalteng/status/2105498881509441835,1512594544805638146,dpmdkalteng
2105498677884445075,2026-10-01T03:22:57.000Z,44,"🤝 Gubernur Agustiar Sabran, Hadir untuk Masyarakat Kalteng

Halo Sobat Informasi! 👋

Gubernur Kalimantan Tengah Agustiar Sabran terus menunjukkan kepedulian terhadap masyarakat yang menghadapi berbagai kondisi, khususnya di tengah dampak kebakaran hutan dan lahan (karhutla), https://t.co/M2fznmisBQ",2105498677884445075,https://pbs.twimg.com/media/HTg74QvaoAAub0u.jpg,,in,,0,3,0,https://x.com/dpmdkalteng/status/2105498677884445075,1512594544805638146,dpmdkalteng
2105497693934260335,2026-10-01T03:19:19.000Z,30,"Pemprov Kalteng juga menyalurkan BLT melalui program Kartu Huma Betang Sejahtera (KHBS) kepada 1.400 warga Kelurahan Bukit Tunggal.

Penyaluran bantuan ini menjadi bagian dari upaya Pemerintah Provinsi Kalimantan Tengah dalam membantu masyarakat yang terdampak kondisi karhutla https://t.co/RoM9DfaM8i",2105497764075618408,https://pbs.twimg.com/media/HTg7DBXacAASn1_.jpg,dpmdkalteng,in,,0,2,0,https://x.com/dpmdkalteng/status/2105497764075618408,1512594544805638146,dpmdkalteng
2105496634922811527,2026-10-01T03:15:12.000Z,29,Pemprov Kalteng juga menyalurkan BLT melalui program Kartu Huma Betang Sejahtera (KHBS) Tahap II kepada 500 penerima manfaat. Bantuan tersebut disalurkan untuk membantu memenuhi kebutuhan dasar masyarakat di tengah kondisi karhutla. https://t.co/lktTD3YXbQ,2105496728023781671,https://pbs.twimg.com/media/HTg6G0Ma0AAWiPK.jpg,dpmdkalteng,in,,0,2,0,https://x.com/dpmdkalteng/status/2105496728023781671,1512594544805638146,dpmdkalteng
2105495941017154017,2026-10-01T03:14:04.000Z,8,"Masyarakat terdampak karhutla yang memenuhi kriteria dapat mendaftarkan diri melalui LaporGub Kalteng pada menu “Bantuan Karhutla” dengan memastikan data yang disampaikan lengkap dan benar.

Sc : @mmckalteng 

#KaltengBerkah #KaltengMaju #Diskominfosantikkalteng #PemprovKalteng",2105496439589830755,,dpmdkalteng,in,,0,0,0,https://x.com/dpmdkalteng/status/2105496439589830755,1512594544805638146,dpmdkalteng
2105495941017154017,2026-10-01T03:12:58.000Z,8,Dalam membantu masyarakat terdampak karhutla serta mendukung pemenuhan kebutuhan selama musim kemarau. Penyaluran bantuan dilakukan secara bertahap dengan memperhatikan kondisi dan kebutuhan masyarakat.,2105496165269770540,,dpmdkalteng,in,,0,1,0,https://x.com/dpmdkalteng/status/2105496165269770540,1512594544805638146,dpmdkalteng
2105495941017154017,2026-10-01T03:12:46.000Z,4,"Minyak goreng 1 liter, serta dilengkapi masker dan multivitamin. Bantuan tersebut disalurkan untuk membantu memenuhi kebutuhan masyarakat di tengah kondisi kemarau dan dampak karhutla.

Penyaluran bantuan menjadi bagian dari upaya Pemerintah Provinsi Kalimantan Tengah https://t.co/b89pjAvgpG",2105496115877728767,https://pbs.twimg.com/media/HTg5jPvbAAAnU3N.jpg,dpmdkalteng,in,,0,1,0,https://x.com/dpmdkalteng/status/2105496115877728767,1512594544805638146,dpmdkalteng
2105495941017154017,2026-10-01T03:12:25.000Z,30,"Selain bantuan pangan bagi masyarakat terdampak karhutla, Pemprov Kalteng juga menyalurkan BLT melalui program Kartu Huma Betang Sejahtera (KHBS) sebesar Rp250 ribu kepada 500 penerima manfaat.

Setiap paket bantuan pangan berisi beras 5 kilogram, gula pasir 1 kilogram, https://t.co/6kqRG6WVgm",2105496026526404846,https://pbs.twimg.com/media/HTg5eBVaoAAdvDE.jpg,dpmdkalteng,in,,0,2,0,https://x.com/dpmdkalteng/status/2105496026526404846,1512594544805638146,dpmdkalteng
2105199327430012961,2026-10-01T03:11:08.000Z,1,"@imosint Bang, situ mental pengemis ya?

Bisa2nya menyalahkan negara lain yang ga punya kewajiban buat bantu memadamkan karhutla. Ga tau terima kasih banget sih captionnya.",2105495701597888958,,imosint,in,,0,0,0,https://x.com/muhz_za/status/2105495701597888958,135783343,muhz_za
2105495461008380079,2026-10-01T03:10:56.000Z,7,Khususnya di tengah dampak karhutla dan kabut asap. Gubernur Agustiar Sabran juga menekankan pentingnya pembaruan dan validasi data penerima agar penyaluran bantuan dapat tepat sasaran sesuai kondisi dan kebutuhan masyarakat.,2105495652868465051,,dpmdkalteng,in,,0,1,0,https://x.com/dpmdkalteng/status/2105495652868465051,1512594544805638146,dpmdkalteng
2105495589467389977,2026-10-01T03:10:41.000Z,0,"Memastikan tidak ada sisa bara api bawah tanah yang berpotensi memicu kebakaran baru, Tim Siaga Karhutla Satbrimob Polda Kalbar mengintensifkan patroli dan penyisiran lahan bekas terbakar di wilayah Kabupaten Kubu Raya, Rabu (30/9).

#poldakalbar #Poldakalbarsiagakarhulta https://t.co/wPDRp0m7cm",2105495589467389977,https://pbs.twimg.com/media/HTg5EwYakAAxZld.jpg,,in,,0,0,0,https://x.com/BidhumasKalbar/status/2105495589467389977,1341795113685532672,BidhumasKalbar
2105495461008380079,2026-10-01T03:10:38.000Z,3,"Bagi masyarakat terdampak karhutla, sementara BLT KHBS Tahap II diberikan kepada Keluarga Penerima Manfaat (KPM).

Penyaluran bantuan ini merupakan bagian dari upaya pemerintah membantu memenuhi kebutuhan dan meringankan beban masyarakat,",2105495576351842707,,dpmdkalteng,in,,0,1,0,https://x.com/dpmdkalteng/status/2105495576351842707,1512594544805638146,dpmdkalteng
2105495461008380079,2026-10-01T03:10:23.000Z,24,"Terdampak karhutla dan Bantuan Langsung Tunai (BLT) melalui program Kartu Huma Betang Sejahtera (KHBS) Tahap II kepada masyarakat di tiga kecamatan di Kota Palangka Raya, yakni Pahandut Seberang, Panarung, Bukit Tunggal. Sebanyak 500 paket bantuan pangan disalurkan",2105495514548723836,,dpmdkalteng,in,,0,2,0,https://x.com/dpmdkalteng/status/2105495514548723836,1512594544805638146,dpmdkalteng
2105495417894875393,2026-10-01T03:10:00.000Z,3,"Asap karhutla masih menjadi perhatian pemerintah. Kemenkes menyebut belum menemukan kasus berat akibat paparan asap, tetapi konsentrasi PM2.5 terpantau tinggi di sejumlah wilayah Kalimantan. Sebanyak 5,3 juta masker telah dibagikan untuk membantu mengurangi paparan asap. Lalu,",2105495417894875393,,,in,,0,0,0,https://x.com/Beritasatu/status/2105495417894875393,154102750,Beritasatu
2105495224835248533,2026-10-01T03:09:14.000Z,1,"Kisah pilu datang dari Palangka Raya, Kalimantan Tengah. Seekor orang utan berusia 4 tahun bernama Novita ditemukan bertahan seorang diri di atas pohon dengan luka bakar akibat terjebak kebakaran hutan. 
#OrangUtan #Karhutla #KalimantanTengah #SaveWildlife #BKSDA https://t.co/VndisSIZhn",2105495224835248533,https://pbs.twimg.com/amplify_video_thumb/2105495187644665856/img/X1AHb3kskfvDFwSA.jpg,,in,,0,0,0,https://x.com/RahmaTriwi84221/status/2105495224835248533,2047241365688639488,RahmaTriwi84221
2105470482460160248,2026-10-01T03:01:43.000Z,0,"@homeseack iya kakkk, terlalu tebel kayak bukan polusi, kemarin sempet liat update disana asapnya makin tebel juga jadi ada kemungkinan asap karhutla ya(?)",2105493333087014971,,homeseack,in,,0,1,0,https://x.com/Yejinnie2/status/2105493333087014971,1115608378292690944,Yejinnie2
2105490976479592625,2026-10-01T02:52:21.000Z,0,Patroli karhutla Polsek Blangpidie desa Keude paya https://t.co/pJAAEYjzLC,2105490976479592625,https://pbs.twimg.com/amplify_video_thumb/2105490753510363136/img/MDVCDO0BNb5lfx7j.jpg,,in,,0,0,0,https://x.com/azizz7ak/status/2105490976479592625,2092056478417027072,azizz7ak
2105488509335421049,2026-10-01T02:42:33.000Z,0,"Polres PPU Polda Kaltim — Personel Satuan Samapta Polres Penajam Paser Utara (PPU) bersama tim gabungan bergerak cepat menangani kebakaran hutan dan lahan (karhutla) yang terjadi di wilayah Desa Giripurwa, Kecamatan Penajam, Kabupaten Penajam Paser Utara, Rabu (30/9/2026). https://t.co/8fTeyB9Jpc",2105488509335421049,https://pbs.twimg.com/media/HTgyoV8bIAA4wHB.jpg,,in,,0,0,0,https://x.com/PpuPolres/status/2105488509335421049,1880910020013092864,PpuPolres
2105487693069328859,2026-10-01T02:39:18.000Z,0,Personil polsek bandar baru melaksanakan kegiatan patroli karhutla Di wilkum bandar baru polres pidie jaya https://t.co/9lt1IhXL4U,2105487693069328859,https://pbs.twimg.com/media/HTgx24YaUAADDmi.jpg,,in,,0,0,0,https://x.com/PolsekBdrBaru79/status/2105487693069328859,1587274809599266817,PolsekBdrBaru79
2105487120324600159,2026-10-01T02:37:02.000Z,0,Personil Polsek Belitang II melaksanakan kegiatan sosialisasi maklumat karhutla dan pemasangan Benner Himbauan https://t.co/O1yUOKUB3e,2105487120324600159,https://pbs.twimg.com/media/HTgxXZDbkAAv3nT.jpg,,in,,0,0,0,https://x.com/belitang_2/status/2105487120324600159,1462330611578785794,belitang_2
2105486957908484336,2026-10-01T02:36:23.000Z,2,"Help RT ya temen2 🙏
Bismillah dikarenakan sdg berlangsung kembali karhutla
keadaan jd semakin bener2 diliburkan, besok kookiepantry mau anter jumat berkah ke rumah thafiz dan mesjid sekitaran, buat temen2 yag mau bantu titip sedekah jumat berkah masih bisa buat chat dan Dm ya https://t.co/K8N7xqv4hS",2105486957908484336,https://pbs.twimg.com/media/HTgxL1wbEAAGEHk.jpg,,in,,0,0,6,https://x.com/kookiepantry20/status/2105486957908484336,1905939842183442432,kookiepantry20
2105486151452942447,2026-10-01T02:33:11.000Z,0,"maaf kalau marah2 sama bule ttg karhutla di tl guys, aku di palangkaraya soalnya. 🙃🙏",2105486151452942447,,,in,,1,3,0,https://x.com/clubcitlali/status/2105486151452942447,1777512028418289664,clubcitlali
2105484886190768317,2026-10-01T02:28:09.000Z,0,"Pantang Menyerah, Brimob Kalsel Lanjutkan Pemadaman Karhutla di Banjar

Menutup bulan September 2026, perjuangan Tim Siaga Karhutla Satbrimob Polda Kalsel bersama tim gabungan dalam menangani kebakaran hutan dan lahan (Karhutla) terus berlanjut. https://t.co/q4eUDyAVoX",2105484886190768317,https://pbs.twimg.com/media/HTgvVScbAAAPQ78.jpg,,in,,0,0,0,https://x.com/Humas_Korbrimob/status/2105484886190768317,958188936752381952,Humas_Korbrimob
2105483012892942631,2026-10-01T02:20:42.000Z,0,"Dana bantuan buat karhutla di provinsiku 100M tpi sampe sekarang api padam enggak malah nambah pekat itu kerjanya ngapain anjay? apa uangnya cuma buat beli bahan bakar helikopter gub nya doang? Tiap wawancara ditanya jawabannya gatau saya terkejut, hidupny terjekut terus anjg",2105483012892942631,,,in,,0,0,0,https://x.com/kangebadut/status/2105483012892942631,810755291297894400,kangebadut
2097673672576405637,2026-10-01T02:20:05.000Z,0,@indoscopenews Semoga bantuan helikopter ini bisa mempercepat penanganan karhutla,2105482855711453492,,indoscopenews,in,,0,0,0,https://x.com/ciyaargh/status/2105482855711453492,1864968964176252934,ciyaargh
2105481718618861875,2026-10-01T02:15:34.000Z,4,Lu limpahkan semua ini seolah rakyat Indonesia bersalah secara kolektif akibat kelakuan elit pemerintah (dan perusahaan negara lu jg yg nyawit disini) atas karhutla ini meanwhile org Indo sendiri esp di Kalimantan hari2 ngalamin ginian demi membela ajang Borjuis sialan Lo itu 🖕,2105481718618861875,,,in,,0,1,1,https://x.com/VirusCenblueX/status/2105481718618861875,2077960296967331840,VirusCenblueX
2105481664210375142,2026-10-01T02:15:21.000Z,106,Polri tetapkan 196 orang tersangka Karhutla! Top! #MoodMasyarakat #Polri #Karhutla #PolriPadamkanKarhutla #ListyoSigitPrabowo https://t.co/PNESCqnirc,2105481664210375142,https://pbs.twimg.com/media/HTgsaSUbQAAooew.jpg,,in,,0,5,58,https://x.com/moodmasyarakat/status/2105481664210375142,2010910755668049923,moodmasyarakat
2105481644325114047,2026-10-01T02:15:16.000Z,0,"Capek banget masih banyak akun2 yang engagementnya tinggi yang nyebut kebakaran hutab pake ""karhutla"" gimana mau naik beritanya kalo pake singkatan gitu😒",2105481644325114047,,,in,,0,0,0,https://x.com/rossealilly/status/2105481644325114047,1644993761058103296,rossealilly
2105479164577091949,2026-10-01T02:05:33.000Z,0,Azab karhutla,2105479198446059724,,sumnkindacrazy,tr,,0,1,0,https://x.com/sumnkindacrazy/status/2105479198446059724,1141683983958155264,sumnkindacrazy
2105477805324783822,2026-10-01T02:00:01.000Z,10,"Jepang Akhiri Bantuan Pemadaman Karhutla di Wilayah Kalimantan

https://t.co/ycjAhdfgNJ",2105477805324783822,,,in,,1,4,4,https://x.com/TirtoID/status/2105477805324783822,4187275698,TirtoID
2105476545657876637,2026-10-01T01:59:50.000Z,0,@situkangsaayur2 Asap karhutla,2105477760974303513,,situkangsaayur2,tr,,0,1,0,https://x.com/tydakperjaka/status/2105477760974303513,1487614864147107845,tydakperjaka
2105475090607751197,2026-10-01T01:49:14.000Z,0,"Waspada Titik Panas!!! 🔥🔥
Terdapat 124 titik panas dengan tingkat kepercayaan ""Tinggi"" dan 2433 titik panas dengan tingkat kepercayaan ""Sedang"" serta 32 titik panas dengan tingkat kepercaan ""Rendah"". Tingkatkan kewaspadaan terutama di daerah rawan karhutla dan pemukiman. https://t.co/trTfTeSBRK",2105475090607751197,https://pbs.twimg.com/amplify_video_thumb/2105475044512296960/img/gx8kOuvz2O-sLUN3.jpg,,in,,0,0,0,https://x.com/StaklimSumsel/status/2105475090607751197,972890158725980160,StaklimSumsel
2105474707390943628,2026-10-01T01:47:42.000Z,0,"Asli... Baru ini dinas kota nya lagi asap karhutla. Ngk kebayang klo mereka hari2 harus bgini. Siapapun yg bersalah soal ini semoga di catat untuk di akhirat

Sehari aja langsung radang gw cuy",2105474707390943628,,,in,,0,0,0,https://x.com/Fathman17/status/2105474707390943628,94899343,Fathman17
2105474025820484016,2026-10-01T01:45:00.000Z,3,"Dampak Karhutla, Program Safe School Dompet Dhuafa Mulai Digulirkan di Kalteng

https://t.co/szJ7kGI5DV https://t.co/7RYGjci3Xu",2105474025820484016,https://pbs.twimg.com/media/HTb_7L8bYAEsOzx.png,,in,,0,0,1,https://x.com/dompetdhuafaorg/status/2105474025820484016,147889039,dompetdhuafaorg
2105473106651607401,2026-10-01T01:41:21.000Z,0,"Gunakan Cairan X-Fire, Batalyon A Pelopor Maksimalkan Pemadaman Karhutla di Jalan Buluh Merindu https://t.co/KK3fqvLUP6",2105473106651607401,https://pbs.twimg.com/media/HTgklbca0AApiP-.jpg,,in,,0,0,0,https://x.com/Humas_Korbrimob/status/2105473106651607401,958188936752381952,Humas_Korbrimob
2105471728021606691,2026-10-01T01:35:52.000Z,0,"PLN UPT Pontianak memperkuat keandalan Sistem Khatulistiwa melalui pemeliharaan dan penguatan jaringan dengan mengutamakan keselamatan dan kesiapan personel, termasuk dalam kondisi Siaga Karhutla. ⚡

#UPTPontianak #PLN #SiagaKarhutla #SistemKhatulistiwa https://t.co/CptBo47uoN",2105471728021606691,https://pbs.twimg.com/amplify_video_thumb/2105471632697688064/img/GZgYcAJRnpPaPF4J.jpg,,in,,0,0,0,https://x.com/pln_uip3b_kal/status/2105471728021606691,1270189131159662593,pln_uip3b_kal
2105471657129435504,2026-10-01T01:35:35.000Z,348,"Aku suka cara media tiap negara susun ayat.

Kalau di Indonesia, ayatnya ""Indonesia IZINKAN Malaysia masuk memadam karhutla"" kerana media tahu pemerintah dan rakyat Indonesia mempunyai ego militer dan tidak mahu dilihat dibantu.

Media Malaysia pulak tahu orang Malaysia....",2105471657129435504,,,in,,0,5,46,https://x.com/sjfi_twider/status/2105471657129435504,1247462449722212358,sjfi_twider
2105470853026926661,2026-10-01T01:32:23.000Z,0,Jepang Akhiri Dukungan Pemadaman Karhutla Wilayah Kalimantan https://t.co/eGlP9hJAEq,2105470853026926661,,,in,,0,0,0,https://x.com/distori_id/status/2105470853026926661,1623966684754374662,distori_id
2105470482460160248,2026-10-01T01:30:55.000Z,0,ok hari ini polusi jakarta tebel atau asap karhutla udah nyampe jkt???,2105470482460160248,,,in,,0,1,0,https://x.com/homeseack/status/2105470482460160248,1750395888340787200,homeseack
2105468556137922881,2026-10-01T01:23:16.000Z,0,"Palembang, sumatera selatan hingga saat ini masih diselimuti kabut asap tebal, sudah 2 bulan kabut asap yang disebabkan oleh kebakaran hutan dan lahan

Di samping itu, hampir 100 miliar bantuan karhutla sudah diturunkan, namun hasilnya masih aja nihil

Teman-teman yang tinggal di https://t.co/sLIvSxrS8r",2105468556137922881,https://pbs.twimg.com/amplify_video_thumb/2105468538819592192/img/xihcad13PHQIa0d3.jpg,,in,,0,0,1,https://x.com/aprillariz/status/2105468556137922881,1759547392943337472,aprillariz
2105468379243168014,2026-10-01T01:22:33.000Z,0,gegera kena angin karhutla tuh,2105468379243168014,,,in,,0,0,0,https://x.com/Hadii40858815/status/2105468379243168014,1232601051682881536,Hadii40858815
2105468245977567581,2026-10-01T01:22:02.000Z,0,"PLN meninjau DSS Trisakti dan Posko Siaga Karhutla di GI Bandara, Banjarbaru, serta menyerahkan bantuan logistik kepada BPBD Kalsel untuk mendukung penanganan karhutla dan menjaga keandalan aset transmisi.

#Karhutla #PLNUntukIndonesia #UIP3BKal https://t.co/IYqUcFeJzo",2105468245977567581,https://pbs.twimg.com/amplify_video_thumb/2105467448648716288/img/3EqCyler8d1sXbet.jpg,,in,,0,0,0,https://x.com/pln_uip3b_kal/status/2105468245977567581,1270189131159662593,pln_uip3b_kal
2105466940521341358,2026-10-01T01:20:09.000Z,0,"Yuk, bedah fakta, akar masalah, dan analisis selengkapnya mengenai Karhutla! 👀👉

Geser postingan untuk baca selengkapnya.

#CatatanMerah #LPMPenaMerah #PenaMerah https://t.co/AFscw5Zfvg",2105467772490883145,https://pbs.twimg.com/media/HTgfv1daoAAa2XU.jpg,UPNNEWS_,in,,0,0,0,https://x.com/UPNNEWS_/status/2105467772490883145,331649574,UPNNEWS_
2105467758612001216,2026-10-01T01:20:06.000Z,0,"Bersama peduli, cegah karhutla sekarang! Gotong royong jaga lingkungan, hindari api demi bumi kita. 🔥🌿
#CegahKarhutla #GotongRoyong https://t.co/XlwEbaydZ0",2105467758612001216,https://pbs.twimg.com/media/HTgfw9qaEAAEjXm.jpg,,in,,0,0,0,https://x.com/PancasilaBumi/status/2105467758612001216,1182508564218138625,PancasilaBumi
2105466940521341358,2026-10-01T01:19:26.000Z,0,"Lalu, apa sebenarnya akar masalah Karhutla? 🤔

Apakah karena cuaca dan kemarau ekstrem, atau ada faktor lain seperti kelalaian dan lemahnya pengawasan? https://t.co/4IR04a2qac",2105467594539172096,https://pbs.twimg.com/media/HTgfjx-bwAASxfo.jpg,UPNNEWS_,in,,0,0,0,https://x.com/UPNNEWS_/status/2105467594539172096,331649574,UPNNEWS_
2105467337843593459,2026-10-01T01:18:25.000Z,2,"𝗛𝗶𝗱𝘂𝗽 𝗡𝗼𝗿𝗺𝗮𝗹 𝗱𝗮𝗿𝗶 𝗣𝗮𝗹𝗮𝗻𝗴𝗸𝗮𝗿𝗮𝘆𝗮 

TERUS BERISIK UNTUK KALIMANTAN
KARENA PRESIDEN KITA prabowo
#xtweet #prayforkalimantan #karhutla https://t.co/BFgKa36MVZ",2105467337843593459,https://pbs.twimg.com/media/HTgfVeEagAAGzJD.jpg,,in,,0,0,0,https://x.com/ESyarkazyie/status/2105467337843593459,2328181406,ESyarkazyie
2105467066706973138,2026-10-01T01:17:21.000Z,0,Tim Buru Api Marta Presisi Polres Banjar dan Polsek Jajaran terus menunjukkan komitmennya dalam upaya pencegahan dan penanggulangan kebakaran hutan dan lahan (Karhutla) di Kabupaten Banjar.(30/09/2026) https://t.co/L7BGGQnCI3,2105467066706973138,https://pbs.twimg.com/amplify_video_thumb/2105466386315431936/img/5AskEk2cFKytseIg.jpg,,in,,0,0,0,https://x.com/PolresBanjar/status/2105467066706973138,785286339407196160,PolresBanjar
2105466940521341358,2026-10-01T01:16:50.000Z,0,"[CATATAN MERAH]

Setiap tahun, kabut asap dan kebakaran hutan kembali terjadi. Karhutla seolah menjadi siklus yang terus berulang. 🔥🌳

#CatatanMerah #LPMPenaMerah #PersMahasiswa https://t.co/ZQOSxHuta5",2105466940521341358,https://pbs.twimg.com/media/HTge_20bEAAg8q3.jpg,,in,,0,2,0,https://x.com/UPNNEWS_/status/2105466940521341358,331649574,UPNNEWS_
2105466818957811898,2026-10-01T01:16:21.000Z,0,"Menhan kasih Satyalancana Dharma Samudera ke 361 personel Jepang yang bantu tangani karhutla. Apresiasi yang pantas 🙏
https://t.co/0DBhrmaTrO",2105466818957811898,,,in,,0,0,0,https://x.com/adarwis/status/2105466818957811898,10114952,adarwis
2105466125677216212,2026-10-01T01:13:36.000Z,0,Bersama peduli cegah karhutla. https://t.co/6HrfDfdENY,2105466125677216212,https://pbs.twimg.com/media/HTgeRzUaoAAmepn.jpg,,in,,0,0,0,https://x.com/bluepoison18J/status/2105466125677216212,1567868525095825409,bluepoison18J
2105442716796797360,2026-10-01T01:11:50.000Z,1,"@ArfZulfikar - Tetap ingat kasus Ucon
- Karhutla
-abaikan drama Keluarga enable 02",2105465680716058886,,ArfZulfikar,in,,0,0,0,https://x.com/MitdaYenti/status/2105465680716058886,1659461824495104001,MitdaYenti
2104899260772716634,2026-10-01T01:00:48.000Z,0,"@BBCIndonesia gimana mau kelar urusan karhutla, yg ditangkep modelannya beginian.... @Gerindra @prabowo",2105462901800894674,,BBCIndonesia,in,,0,0,0,https://x.com/g3ndh3ng/status/2105462901800894674,101482673,g3ndh3ng
2105457967365833052,2026-10-01T00:41:11.000Z,0,"Data 12 jam terbaru Hotspot Kategori TINGGI dan SEDANG di Kawasan Indonesia sesuai data Update jam 05.57 WIB pagi ini.

Mungkin diperlukan dalam Perencanaan Penanganan Karhutla hari ini https://t.co/pd3XqSp4Os",2105457967365833052,https://pbs.twimg.com/media/HTgW25IboAAysbD.jpg,,in,,0,0,0,https://x.com/jehensa/status/2105457967365833052,1210447468720054272,jehensa
2105457907668299898,2026-10-01T00:40:57.000Z,0,TNI Salurkan 368.000 Liter Air Bersih untuk Masyarakat Terdampak Karhutla di Kalbar https://t.co/t54us0h1Rc https://t.co/MqRiI9Yxz9,2105457907668299898,https://pbs.twimg.com/media/HTgWzyYaoAATBo2.jpg,,in,,0,0,0,https://x.com/HENDRIDEEN1/status/2105457907668299898,1472355186634997761,HENDRIDEEN1
2103314943689085106,2026-10-01T00:38:53.000Z,0,@tvrisumsel Semoga memudahkan pemadaman karhutla,2105457387494891531,,tvrisumsel,in,,0,0,0,https://x.com/MuzharAan69064/status/2105457387494891531,2039356371062194176,MuzharAan69064
2105176919297904885,2026-10-01T00:36:19.000Z,1,"@indepenSumatera Jambi juga udah kayak gini wak, pagi ini semakin tebal😢 
Pdhl minggu lalu langit udah sempat kelihatan, udah seneng banget..
And now, udah capek banget sama karhutla ini😥",2105456740196290752,,indepenSumatera,in,,0,0,0,https://x.com/naniadalahapa/status/2105456740196290752,321940110,naniadalahapa
2105456034743816495,2026-10-01T00:33:30.000Z,6,"Influencer Palembang ini kalo pasal bebalah sesamo dio, ngambokke peranti mahal, samo endorse2 pedio pedio hidden gem samo nyerudiki gawe uong nomor satu. Giliran ngomongke soal Karhutla samo kabut asap lempeeem galo pecak kemplang direndem cuko. Lonyooooot.",2105456034743816495,,,in,,0,2,0,https://x.com/GusDikaOfficial/status/2105456034743816495,2083399609460965376,GusDikaOfficial
2105455991110463639,2026-10-01T00:33:20.000Z,0,"udah dapet bantuan alat dan kendaraan, bantuan dana 100m. masih kaga kelar masalah asep dan karhutla, bangst https://t.co/ChBs0LuWiL",2105455991110463639,https://pbs.twimg.com/media/HTgVDxpacAAd3Ua.jpg,,in,,0,0,0,https://x.com/_dhooo_/status/2105455991110463639,2344533866,_dhooo_
2105455172466180321,2026-10-01T00:30:05.000Z,0,"Sejak Karhutla Kasus Pneumonia Anak RI Meningkat, Ini Pesan IDAI

https://t.co/QJ0bgSjtNo",2105455172466180321,,,in,,0,0,0,https://x.com/endartriwahyuni/status/2105455172466180321,2284864472,endartriwahyuni
2105455131349442949,2026-10-01T00:29:55.000Z,0,"Sejak Karhutla Kasus Pneumonia Anak RI Meningkat, Ini Pesan IDAI

https://t.co/CtDkFLDtqK",2105455131349442949,,,in,,0,0,0,https://x.com/mas__iko/status/2105455131349442949,289598293,mas__iko
2105455100718395631,2026-10-01T00:29:48.000Z,0,"Sejak Karhutla Kasus Pneumonia Anak RI Meningkat, Ini Pesan IDAI

https://t.co/I9oGRcvObc",2105455100718395631,,,in,,0,0,0,https://x.com/djoko_rusmanto/status/2105455100718395631,41762666,djoko_rusmanto
2105453190653333965,2026-10-01T00:22:12.000Z,7,"Jepang udah pamit, PR kebakaran hutan kita masih belum kelar 

Setelah bantu pemadaman karhutla di Kalimantan dengan 3 helikopter Chinook, misi Jepang resmi berakhir.

Sementara itu, BNPB masih mencatat 96,07 hektare lahan belum padam di enam provinsi prioritas.

Pertanyaannya, https://t.co/bbTskyWr78",2105453190653333965,https://pbs.twimg.com/media/HTegGNQb0AAeRrr.jpg,,in,,0,0,1,https://x.com/piala_talk/status/2105453190653333965,2064624358182752256,piala_talk
2105452011768741994,2026-10-01T00:17:31.000Z,0,"Jujurr gw juga bingung knp penanganan karhutla lelet bgt, WOWOK SIALANN",2105452011768741994,,,in,,0,0,0,https://x.com/jhdkdheuw/status/2105452011768741994,1541339041068875776,jhdkdheuw
2105451765907021896,2026-10-01T00:16:33.000Z,8,"Komandan Korem 044/Gapo Brigjen TNI Khabib Mahfud mendampingi Pangdam II/Sriwijaya Mayjen TNI Ujang Darwis dalam kunjungan kerja ke Makodim 0402/OKI, Rabu (30/9/2026), dalam rangka pengarahan dan pengendalian penanganan Karhutla bersama para camat dan kepala desa Kabupaten OKI. https://t.co/7Z4A8lTmXV",2105451765907021896,https://pbs.twimg.com/media/HTgOthoasAAkLZE.jpg,,in,,0,0,2,https://x.com/korem044gapo/status/2105451765907021896,3008952283,korem044gapo
2105450527387680821,2026-10-01T00:11:37.000Z,0,Himbauan Kamtibmas Kebakaran Hutan dan Lahan di Kecamatan Lenteng Kab. Sumenep. #Poldajatim #PolrestaSumenep #karhutla https://t.co/DetZIMxbHW,2105450527387680821,https://pbs.twimg.com/amplify_video_thumb/2105450283245723648/img/CSOTcUDPfiDf91Fm.jpg,,in,,0,0,0,https://x.com/PolsekKaliange3/status/2105450527387680821,1352826968618586112,PolsekKaliange3
2105449786069672043,2026-10-01T00:08:41.000Z,0,"Sat lantas polres tanah laut melakukan pantauan arus lalu lintas di wilayah terdampak karhutla terpantau aman dan lancar.
Petugas terus melakukan pemantauan untuk memastikan kondisi jalan tetap kondusif serta memberikan rasa aman bagi para pengguna jalan. https://t.co/xCzAs71Uuv",2105449786069672043,https://pbs.twimg.com/amplify_video_thumb/2105449706918928384/img/JMyPIOKoZr7KHUY0.jpg,,in,,0,0,0,https://x.com/satlantastala1/status/2105449786069672043,1964983614443057152,satlantastala1
2105447992987980253,2026-10-01T00:01:33.000Z,0,Patroli Pencegahan Karhutla https://t.co/DDY9iT0ylU,2105447992987980253,https://pbs.twimg.com/amplify_video_thumb/2105447893457125376/img/85rqxzuNLr5JANXh.jpg,,in,,0,0,0,https://x.com/pendim1207ptk/status/2105447992987980253,1332241207225851905,pendim1207ptk
2105445103804563547,2026-09-30T23:50:04.000Z,1,"NEGARA INI GIMANA SIHHH, KARHUTLA URUSIN JIR!!!!!!!",2105445103804563547,,,in,,0,0,0,https://x.com/noyyyyya/status/2105445103804563547,1722957279878881280,noyyyyya
2104216202398793862,2026-09-30T23:22:10.000Z,0,"@indoscopenews Karhutla bkn lg jadi mslh nasional, untuk bernafas pun masyarakat kalimantan tersika",2105438080593527031,,indoscopenews,in,,0,0,0,https://x.com/Amithay8t/status/2105438080593527031,2094609843940397056,Amithay8t
2105436782137643415,2026-09-30T23:17:00.000Z,0,"demi Allah...he dgaf about the karhutla, yang dia pikirin cuma gimana cara buat bungkam suara rakyat dengan hal-hal kaya gini. padahal ini gak akan menyelesaikan masalah loh, mending uang itu dipakai buat menanggulangi karhutla dan semua kerusakan yang dia perbuat. mereka yang",2105436782137643415,,,in,,0,0,0,https://x.com/dryffindoor/status/2105436782137643415,1485309203803967488,dryffindoor
2105433863912567192,2026-09-30T23:05:24.000Z,2,"BNPB

BNPB Samarinda berhasil menciduk pelaku pembakaran lahan di Sungai Kunjang. Pelaku mengaku terpaksa melapor karena api semakin membesar dan tidak bisa dikendalikan.
#tvkarlnews #BNPBSamarinda #KebakaranLahan #Karhutla #Samarinda https://t.co/I0z0U8OD1n",2105433863912567192,https://pbs.twimg.com/ext_tw_video_thumb/2105433766265032704/pu/img/oq4-smWwn5eT03Q4.jpg,,in,,0,0,0,https://x.com/TVKarl_News/status/2105433863912567192,2056596425014939649,TVKarl_News
2105259780990529906,2026-09-30T22:58:20.000Z,0,@landORussell_ Kena kabut karhutla,2105432083019768023,,landORussell_,in,,0,0,0,https://x.com/3000inuniverse/status/2105432083019768023,1546367122489556993,3000inuniverse
2105431403668349398,2026-09-30T22:55:38.000Z,0,"-Karhutla belum selesai
-Influenza A sudah makin marak
-TPA kebakaran
-Tanah warisan bisa disita negara
-Pajak kendaraan ngadi-ngadi
-Permohonan SIM mati bisa perpanjang ditolak MA

Apa lagi...",2105431403668349398,,,in,,0,2,1,https://x.com/adharozak/status/2105431403668349398,76926791,adharozak
2105260155558666673,2026-09-30T22:44:14.000Z,0,@nazermies Blur krn ad kabut karhutla,2105428535905341569,,nazermies,in,,0,0,0,https://x.com/3000inuniverse/status/2105428535905341569,1546367122489556993,3000inuniverse
2105133343990030478,2026-09-30T22:41:44.000Z,1,"@Ari3Pras Pejabat Indonesia sangat cerdas

Lebih baik minta Jepang mengelo MBG seperti menangani Karhutla",2105427907292315987,,Ari3Pras,in,,0,0,0,https://x.com/kipyiksamgong/status/2105427907292315987,985730749209788416,kipyiksamgong
2105426548560122362,2026-09-30T22:36:20.000Z,0,"selesainya misi JSDF menjadi momentum untuk mengapresiasi personel Jepang yang telah membantu penanganan karhutla di Kalbar.

https://t.co/Car1soMPlX",2105426548560122362,,,in,,0,0,0,https://x.com/TreverDaugrdam/status/2105426548560122362,2083638440759865344,TreverDaugrdam
2105425891505602797,2026-09-30T22:33:44.000Z,0,"Karhutla kembali melanda Sumsel, ribuan titik panas terpantau bali.​antaranews.​com/berita/414564/karhutla-kembali-melanda-sumsel-ribuan-titik-panas-terpantau #Karhutla #Sumsel #HutanTerbakar #Asap #Lingkungan https://t.co/dMiafLAPbB",2105425891505602797,https://pbs.twimg.com/media/HTf5sLgasAAiJMP.jpg,,in,,0,0,0,https://x.com/antaranews_bali/status/2105425891505602797,91941244,antaranews_bali
2105423786325799287,2026-09-30T22:29:11.000Z,0,Terima kasih JSDF Jepang udah dateng ke Kalbar buat madamin api karhutla☺️,2105424748524220751,,kopikntlmanis,in,,0,0,0,https://x.com/kopikntlmanis/status/2105424748524220751,1798773458723328000,kopikntlmanis
2105419938601254918,2026-09-30T22:10:04.000Z,2,https://t.co/LB41kHXHuB,2105419938601254918,,,zxx,,0,1,89,https://x.com/BNPB_Indonesia/status/2105419938601254918,346303384,BNPB_Indonesia
2105418573455753271,2026-09-30T22:04:39.000Z,1,"Kementerian Kehutanan menghadapi tantangan penuh risiko dalam upaya menjamin kebakaran hutan dan lahan.

Para petugas terus berjuang mendekati titik api, meski harus berhadapan dengan panasnya kobaran dan ancaman bara api.
#Karhutla #TumbangNusa #PulangPisau https://t.co/J8DJYrRmPP",2105418573455753271,https://pbs.twimg.com/ext_tw_video_thumb/2105417940124286976/pu/img/IQivIxAzK8nQ3U_v.jpg,,in,,0,0,0,https://x.com/tvsuarabersatu/status/2105418573455753271,2071812222461018112,tvsuarabersatu
2105255334092898756,2026-09-30T22:02:26.000Z,6,@landoslawyer people and  animals are losing their home. real people are DYING im pretty sure ur white ass millionaire drivers would still survive that but people in sumatra and borneo are clearly not. search kalimantan/sumatra karhutla and you will see how bad the situation is.,2105418016980967628,,wintersbird,en,,0,0,0,https://x.com/wintersbird/status/2105418016980967628,1515935173145104384,wintersbird
2105255334092898756,2026-09-30T21:59:35.000Z,47,"@landoslawyer girl theres real victims out there who are dying because of the karhutla and yall suddenly care because it affects ur richass white drivers? sorry for ruining the boystrip agenda (fuck them) but people, animals, even nature are dying dont be insensitive pls",2105417299394240827,,landoslawyer,en,,0,1,1,https://x.com/wintersbird/status/2105417299394240827,1515935173145104384,wintersbird
2105414654256410796,2026-09-30T21:49:04.000Z,0,"sebenernya wajar aja kalau mereka marah, itu negara mereka, ga ada apa apa tbtb kena asapnya karhutla, yang pantes disalahin tuh prabowo anjing ni orang tolol banget brengsek",2105414654256410796,,,in,,0,0,0,https://x.com/halfbrent/status/2105414654256410796,2003244728511528964,halfbrent
2105413595232395698,2026-09-30T21:44:52.000Z,0,"penasaran sm ex kantor gw dulu pro prabodo, proyeknya di kalimantan. skrg gimana ya, karhutla brner"" ga diurusin sm pemerintahan dongo. nyesel atau msh mikir ini bag strategi",2105413595232395698,,,in,,0,0,0,https://x.com/chuwinning/status/2105413595232395698,833680137891622912,chuwinning
1892231994144092610,2026-09-30T21:43:46.000Z,0,"banjir sumatera, gempa ntt, borneo karhutla, dishub qc kapal",2105413317850509584,,attetionseekers,in,,0,0,0,https://x.com/attetionseekers/status/2105413317850509584,1750563635909529600,attetionseekers
2105411825995268128,2026-09-30T21:37:50.000Z,0,"Pelepasan tersebut menandai berakhirnya misi kemanusiaan bantuan bencana internasional dari militer Jepang setelah dua pekan beroperasi membantu penanggulangan kebakaran hutan dan lahan (karhutla) di Kalimantan Barat, khususnya di wilayah Pontianak dan Kabupaten Ketapang https://t.co/iNLEt0GCeA",2105411825995268128,https://pbs.twimg.com/media/HTfs5IfbYAAjfDC.jpg,,in,,0,0,0,https://x.com/TrinityWorman36/status/2105411825995268128,386534980,TrinityWorman36
2105410112005591380,2026-09-30T21:31:01.000Z,0,"Terima kasih banyak! Menhan Sjafrie Sjamsoeddin Lepas Pasukan JSDF Jepang di Mempawah, Misi Pemadaman Karhutla Tuntas. Misi selesai, semua selamat, hutan selamat. Sehat selalu Pak Menhan dan pasukan JSDF Jepang! https://t.co/N2ewcL7OMF",2105410112005591380,https://pbs.twimg.com/media/HTfrVgzasAAM3BJ.jpg,,in,,0,0,0,https://x.com/imongizal/status/2105410112005591380,1864905052714160128,imongizal
2105884467781079059,2026-10-02T04:55:57.000Z,3,"Polsek Krueng Sabee Gencarkan Patroli Karhutla, Pantau Wilayah Rawan dan Hotspot.

@divisihumaspolri
@kapolda_aceh
@polripresisi
@indonesia_police_
@polisi_peduli
@polisi_indonesia
@Zulfarenaldo
@Rivaniaputri
@humasacehjayapoldaaceh https://t.co/FnAJVW8lB9",2105884467781079059,https://pbs.twimg.com/media/HTmawEfbAAA-nGF.jpg,,in,,0,0,0,https://x.com/Polresacehjaya/status/2105884467781079059,1093721168836681728,Polresacehjaya
2105883487282901201,2026-10-02T04:52:03.000Z,0,"asap Palembang makin tebal. Jujur, sy tinggal di Palembang di thn 2018,saat itu cukup kaget krn ada kabut asap spt ini,saat itu gak henti2nya terdengar suara helikopter angkut air menyiram kawasan karhutla. 
Tp knp skrg suara heli angkut air itu tidak terdengar lagi ya?",2105883487282901201,,,in,,0,0,0,https://x.com/noermantw/status/2105883487282901201,40236131,noermantw
2105882166009937973,2026-10-02T04:46:48.000Z,0,"Dalam upaya mengantisipasi dan mencegah terjadinya kebakaran hutan dan lahan (Karhutla), Polresta Banjarmasin melalui Polsek Banjarmasin Utara bersama BPBD Kota Banjarmasin dan para relawan terus memperkuat pengamanan serta kesiapsiagaan di Posko Karhutla Sungai Andai.
#karhutla https://t.co/N9ch5mgP69",2105882166009937973,https://pbs.twimg.com/media/HTmYqdna4AAVRD6.jpg,,in,,0,0,0,https://x.com/polsekbjmutara/status/2105882166009937973,1608658310294831109,polsekbjmutara
2105879808110735776,2026-10-02T04:37:26.000Z,0,"Tim Gabungan Tanggulangi Karhutla di Desa Giripurwa Penajam, Api Berhasil Dipadamkan

#poldakaltim #divhumas #polriuntukmasyarakat https://t.co/u4Cc1we4XS",2105879808110735776,https://pbs.twimg.com/media/HTmWhN0bcAAzuF3.jpg,,in,,0,0,0,https://x.com/Poldakaltim/status/2105879808110735776,226140504,Poldakaltim
2105879750350873061,2026-10-02T04:37:12.000Z,0,"Karhutla Bukan Solusi!

Membakar hutan dan lahan mungkin terlihat seperti jalan cepat, tetapi dampaknya dapat merusak hutan dan satwa, mengancam kesehatan akibat asap, serta menimbulkan kerugian ekonomi dan sosial. https://t.co/iXafwwND7c",2105879750350873061,https://pbs.twimg.com/amplify_video_thumb/2105879605844541440/img/CdSPeB0VO1PdEv7T.jpg,,in,,0,0,0,https://x.com/Samapta_plg/status/2105879750350873061,1694649093413593088,Samapta_plg
2105879742536917097,2026-10-02T04:37:10.000Z,3,"Tim Gabungan Bergerak Cepat Atasi Karhutla di Teluk Bayur Berau

#poldakaltim #divhumas #polriuntukmasyarakat https://t.co/PfISoqx2CJ",2105879742536917097,https://pbs.twimg.com/media/HTmWdeLaEAE8NpT.jpg,,in,,0,0,0,https://x.com/Poldakaltim/status/2105879742536917097,226140504,Poldakaltim
2105851650938486866,2026-10-02T04:31:37.000Z,1,@Subditkamsel Apresiasi untuk Polri yang terus mengungkap kasus karhutla hingga puluhan ribu hektare. Semoga seluruh pihak yang bertanggung jawab dapat diusut tuntas sesuai hukum,2105878345221390500,,Subditkamsel,in,,0,1,0,https://x.com/Greshha1/status/2105878345221390500,1512809852221161476,Greshha1
2105877955981582581,2026-10-02T04:30:04.000Z,2,"Honor yang dijanjikan sebesar Rp100 ribu per hari disebut belum dibayarkan. Sekda Palangka Raya Arbert Tumbak membenarkan adanya honor yang belum dibayar. 
Pembayaran diperkirakan baru dapat dilakukan setelah APBD Perubahan berjalan, sekitar November.

#Karhutla #PalangkaRaya https://t.co/qUcckWh2qs",2105877955981582581,https://pbs.twimg.com/media/HTmUsAabMAAMMvZ.jpg,,in,,0,0,2,https://x.com/IndiraNews/status/2105877955981582581,1816136300145303553,IndiraNews
2105877725697429702,2026-10-02T04:29:09.000Z,0,"*Polsek Amuntai Selatan Laksanakan Ground Check dan Penanganan Awal Karhutla di Desa Murung Panggang dan Desa Kayakah*
. https://t.co/L4Lr2NNCTJ",2105877725697429702,https://pbs.twimg.com/media/HTmUn7pa0AAGORp.jpg,,in,,0,0,0,https://x.com/PolresHSU/status/2105877725697429702,887599275793825792,PolresHSU
2105851650938486866,2026-10-02T04:26:57.000Z,0,@Subditkamsel Mantap Polri menjafi pelopor dalam menanggulangi Karhutla,2105877170933629132,,Subditkamsel,in,,0,0,0,https://x.com/Amirmah91909777/status/2105877170933629132,827807167893770241,Amirmah91909777
2105876706032792062,2026-10-02T04:25:06.000Z,0,"Gimana ga benci, orang negaranya dikasi kabut karhutla sama indo",2105876706032792062,,,in,,0,0,0,https://x.com/keadhaan/status/2105876706032792062,1682631697169522688,keadhaan
2105876552605151674,2026-10-02T04:24:30.000Z,2,"Antisipasi Karhutla,Polisi dan MPA Pantau Kondisi Lahan Pasca Hujan di Singkawang Utara.

Polsek Singkawang Utara bersama Masyarakat Peduli Api (MPA) Kelurahan Setapuk Kecil melaksanakan patroli dan pemantauan lokasi rawan Karhutla, Kamis (1/10/2026)

#PoldaKalbarSiagaKarhutla https://t.co/mNPq7aZIHk",2105876552605151674,https://pbs.twimg.com/media/HTmTj32aEAAz6WQ.jpg,,in,,0,0,0,https://x.com/SihumasResSkw/status/2105876552605151674,1534671673764421633,SihumasResSkw
2105748329971823048,2026-10-02T04:24:27.000Z,0,@olafkentut @kata_introvert Asap Karhutla nya masih kurang Pak Cik?,2105876542022934961,,olafkentut,in,,0,0,0,https://x.com/oL0fRPXaen25817/status/2105876542022934961,1681555585240825856,oL0fRPXaen25817
2105874889228066972,2026-10-02T04:17:53.000Z,0,"Polsek Jarai Laksanakan Patroli Pencegahan Karhutla, Antisipasi Titik Rawan Kebakaran https://t.co/KbTf74EqaY",2105874889228066972,https://pbs.twimg.com/media/HTmSCd9asAATGP5.jpg,,in,,0,0,0,https://x.com/polreslahat/status/2105874889228066972,786388870761881600,polreslahat
2105874858202783880,2026-10-02T04:17:46.000Z,0,"Operasi karhutla belum dikendurkan — 2.579 Manggala Agni + 5.000 ASN masih siaga di 6 provinsi prioritas.
https://t.co/AJIq062IBV",2105874858202783880,,,in,,0,0,0,https://x.com/adarwis/status/2105874858202783880,10114952,adarwis
2105874576995676541,2026-10-02T04:16:39.000Z,0,"Semoga karhutla cepat berakhir.

#humaspolresbanjarbaru https://t.co/zfWsI0p98X",2105874576995676541,https://pbs.twimg.com/amplify_video_thumb/2105874449757261824/img/F9IJZvoZ-8BrMVGw.jpg,,in,,0,0,0,https://x.com/polresbjb/status/2105874576995676541,1439087851711303681,polresbjb
2105874382480642063,2026-10-02T04:15:52.000Z,0,"Kapolres Banjar AKBP Boni Ariefianto, S.I.K., https://t.co/THVrXqJ11y., turun langsung pimpin Tim Buru Api Marta Presisi  melakukan pengecekan dan pemadaman kebakaran hutan dan lahan (Karhutla) di wilayah Kabupaten Banjar, tepatnya di kawasan Jl. Gubernur Subardjo. (01/10/2026) https://t.co/r8T3TXsvYb",2105874382480642063,https://pbs.twimg.com/amplify_video_thumb/2105874281771225088/img/P9_x2TzhK6DCpxVJ.jpg,,in,,0,0,0,https://x.com/PolresBanjar/status/2105874382480642063,785286339407196160,PolresBanjar
2105683631411019954,2026-10-02T04:11:36.000Z,0,"@SaufyJauhary lah singapork &amp; malaytod emg duo sampah haters Indo blok, pasti main sabun lah demi jegal Indo, dah sono hirup asap karhutla sampe mokad",2105873306247365093,,SaufyJauhary,in,,0,0,0,https://x.com/senobatuaji/status/2105873306247365093,1356422821535047681,senobatuaji
2105872635196547529,2026-10-02T04:08:56.000Z,1,"Orangutan Terjebak Karhutla di Palangka Raya, Tim Gabungan Lakukan Evakuasi https://t.co/1SCXG0s1pa",2105872635196547529,,,in,,0,0,0,https://x.com/OMungkasa80380/status/2105872635196547529,1712029338923855872,OMungkasa80380
2105870122275786945,2026-10-02T03:58:56.000Z,0,"Dukung Penanganan Karhutla, NHM Serahkan Bantuan Tangki Air Operasional kepada BPBD Halmahera Utara
https://t.co/L7TYvjj8Lj",2105870122275786945,,,in,,0,0,0,https://x.com/tribunnews/status/2105870122275786945,124171593,tribunnews
2105869969351406010,2026-10-02T03:58:20.000Z,1,"Situasi Karhutla di Kalteng: Cegah Api Meluas, Petugas Padamkan Api Siang Malam

Kebakaran hutan dan lahan (karhutla) masih terjadi di sejumlah wilayah. Salah satunya ialah Suaka Margasatwa Mandau Talawang, Kalimantan Tengah.

Dalam video yang dibagikan di Instagram https://t.co/gVSretthYp",2105869969351406010,https://pbs.twimg.com/amplify_video_thumb/2105869748575895553/img/7MIGFR-sJYb605XE.jpg,,in,,0,0,0,https://x.com/mediaindonesia/status/2105869969351406010,68930552,mediaindonesia
2105869711036793008,2026-10-02T03:57:18.000Z,0,"*Polisi Cek Kesiapan Posko Karhutla Tunjungan, Tim Gabungan Perkuat Kesiapsiagaan*

Kukar – Mengantisipasi ancaman kebakaran hutan dan lahan (Karhutla), personel Polsek Muara Kaman bersama unsur gabungan mengecek kesiapan Posko Karhutla di Desa Tunjungan, Kecamatan Muara Kaman https://t.co/sreuDNa0uy",2105869711036793008,https://pbs.twimg.com/media/HTmNPjOa8AAHp9G.jpg,,in,,0,0,0,https://x.com/Polsek_M_Kaman/status/2105869711036793008,1585122600090767360,Polsek_M_Kaman
2105869698000904535,2026-10-02T03:57:15.000Z,0,hujan. #karhutla. -💧🌫️🤍,2105869698000904535,,,in,,0,0,1,https://x.com/kiwisgrl/status/2105869698000904535,3016977114,kiwisgrl
2105835712457417211,2026-10-02T03:56:28.000Z,0,"@FAM_Malaysia MALAYSIA TIDUR, BESOK HIRUP KARHUTLA LAGI",2105869500113629580,,FAM_Malaysia,in,,0,0,0,https://x.com/goblooooooooook/status/2105869500113629580,1058262568626614272,goblooooooooook
2105869468547391773,2026-10-02T03:56:21.000Z,0,Stop Karhutla https://t.co/8F2muCaE0g,2105869468547391773,https://pbs.twimg.com/amplify_video_thumb/2105869360439111681/img/mksQCaDDN2lnEkrd.jpg,,sl,,0,0,0,https://x.com/PolsekBPC2026/status/2105869468547391773,2025795690111352832,PolsekBPC2026
2105280308665094359,2026-10-02T03:55:03.000Z,0,@jagatlan4ng dukungan internasional yang terus berlanjut jadi kunci penanganan karhutla yang efektif,2105869143845298260,,jagatlan4ng,in,,0,0,0,https://x.com/Oktaashannk9/status/2105869143845298260,2081745698379399168,Oktaashannk9
2105868597415563493,2026-10-02T03:52:53.000Z,0,"Asep karhutla Kalimantan yg terbang ke sana.
Muka kena polusi itu.",2105868597415563493,,,in,,0,0,0,https://x.com/unicornnetold/status/2105868597415563493,956761150917455877,unicornnetold
2105868461889262009,2026-10-02T03:52:21.000Z,0,"Polsek Balikpapan Selatan gelar patroli KRYD, sampaikan pesan kamtibmas dan imbauan cegah karhutla kepada warga serta petugas keamanan. Patroli berlangsung aman dan kondusif.

#PolrestaBalikpapan #PatroliKRYD #CegahKarhutla https://t.co/OtvI0IQINI",2105868461889262009,https://pbs.twimg.com/media/HTmMMuPaIAA6AKb.jpg,,in,,0,0,0,https://x.com/Humas439/status/2105868461889262009,1641314007503228928,Humas439
2105868215138291818,2026-10-02T03:51:22.000Z,0,"PATROLI KARHUTLA, SOSIALISASI DAN PENYEBARAN MAKLUMAD DI WILAYAH HUKUM POLSEK TRIENGGADENG
@kapolda_aceh
SPRIPIM POLDA ACEH
@bidhumaspolripresisi
@divisihumaspolripresisi
Tendri Wardi
@polisi_peduli
polisiku
Halo Polisi
Polisi indonesia https://t.co/NQStMuW3zu",2105868215138291818,https://pbs.twimg.com/media/HTmL94LaAAAs9fy.jpg,,in,,0,0,0,https://x.com/POLSEKTRG01/status/2105868215138291818,1587991763457019905,POLSEKTRG01
2105868121395593246,2026-10-02T03:50:59.000Z,0,"Disamping euforia efwan minggu ini, (turut ikut senang) berbagai kalimat jahat dri serumpun jg gak kalah nyaring seolah menyalahkan semua warga (korban) yg ikut terdampak. Tolong ya jgn sampe menutupi isu karhutla di Indonesia, selama 3 bulan ini pusat sudah perlahan tdk peduli",2105868121395593246,,,in,,0,1,1,https://x.com/empritpuzing/status/2105868121395593246,1147239525627731968,empritpuzing
2105867867669582035,2026-10-02T03:49:59.000Z,0,"*Karhutla 10 Hektare Mengancam, Polisi dan Warga Berjibaku Jinakkan Api di Kota Bangun*

Kukar – Kebakaran lahan kembali terjadi di Kabupaten Kutai Kartanegara. Kali ini, sekitar 10 hektare lahan rawa dan semak belukar di Desa Kota Bangun IV, Kecamatan Kota Bangun Darat https://t.co/uS2MbTfZve",2105867867669582035,https://pbs.twimg.com/media/HTmLoS0bUAAH2aQ.jpg,,in,,0,0,0,https://x.com/Polsek_M_Kaman/status/2105867867669582035,1585122600090767360,Polsek_M_Kaman
2105835712457417211,2026-10-02T03:45:01.000Z,0,@FAM_Malaysia Malaysia tidur besok hirup asap karhutla lagi,2105866619545321632,,FAM_Malaysia,in,,0,0,0,https://x.com/dhihnf/status/2105866619545321632,361761316,dhihnf
2105866166694739988,2026-10-02T03:43:13.000Z,2,"MARI BERSAMA KITA CEGAH KARHUTLA

Polres Singkawang Laksanakan Patroli,

Pastikan Lahan Gambut Aman
Mari Bersama Kita Cegah Kebakaran Hutan dan Lahan.

#PolresSingkawang #PoldaKalbarSiagaKarhutla
#PolriPresisi #PelayananMasyarakat #StopKarhutla https://t.co/Rn2iXk5zWV",2105866166694739988,https://pbs.twimg.com/media/HTmKGe0boAAJjBM.jpg,,in,,0,0,0,https://x.com/SihumasResSkw/status/2105866166694739988,1534671673764421633,SihumasResSkw
2105865983684723059,2026-10-02T03:42:30.000Z,0,"*Polisi Cek Kesiapan Posko Karhutla Tunjungan, Tim Gabungan Perkuat Kesiapsiagaan*

Kukar – Mengantisipasi ancaman kebakaran hutan dan lahan (Karhutla), personel Polsek Muara Kaman bersama unsur gabungan mengecek kesiapan Posko Karhutla di Desa Tunjungan, Kecamatan Muara Kaman, https://t.co/7GgqXN8ooF",2105865983684723059,https://pbs.twimg.com/media/HTmJ70BawAEZNry.jpg,,in,,0,0,0,https://x.com/Polsektgrsbrng/status/2105865983684723059,1284684722984022018,Polsektgrsbrng
2105865357663797392,2026-10-02T03:40:01.000Z,0,"*Karhutla 10 Hektare Mengancam, Polisi dan Warga Berjibaku Jinakkan Api di Kota Bangun*

Kukar – Kebakaran lahan kembali terjadi di Kabupaten Kutai Kartanegara. Kali ini, sekitar 10 hektare lahan rawa dan semak belukar di Desa Kota Bangun IV, Kecamatan Kota Bangun Darat https://t.co/caTDhh6D9d",2105865357663797392,https://pbs.twimg.com/media/HTmJWdKaIAATbXC.jpg,,in,,0,0,0,https://x.com/Polsektgrsbrng/status/2105865357663797392,1284684722984022018,Polsektgrsbrng
2105498854728884687,2026-10-02T03:31:59.000Z,0,@bckupacc99 kami tidak melakukan karhutla,2105863337145954326,,bckupacc99,in,,0,0,0,https://x.com/ahmadnazneen2/status/2105863337145954326,914890147388198912,ahmadnazneen2
2105862943787368773,2026-10-02T03:30:26.000Z,0,"Keterlibatan ini menjadi bagian dari sinergi Pemerintah Provinsi Kalimantan Tengah dalam melindungi kesehatan dan keselamatan masyarakat di tengah kondisi Karhutla.  Sebagai bagian dari dukungan terhadap penanganan Karhutla,",2105862946316558345,,dinkeskalteng,in,,0,0,0,https://x.com/dinkeskalteng/status/2105862946316558345,722024040102174720,dinkeskalteng
2105862943787368773,2026-10-02T03:30:25.000Z,0,"Halo #Paharisehat 👋🏻

Palangka Raya - Dinas Kesehatan Provinsi Kalimantan Tengah turut berpartisipasi dalam upaya penanggulangan Kebakaran Hutan dan Lahan (Karhutla) serta penanganan dampak kabut asap di wilayah Provinsi Kalimantan Tengah.

#kaltengberkah #kaltengmaju https://t.co/3aUUl4ItS2",2105862943787368773,https://pbs.twimg.com/media/HTmHFSCb0AAyehB.jpg,,in,,0,1,0,https://x.com/dinkeskalteng/status/2105862943787368773,722024040102174720,dinkeskalteng
2105858268614857047,2026-10-02T03:24:34.000Z,0,"@cellaurent Ya ampunn.. 
Karhutla dimana-mana.. 
Moga segera diatasi..",2105861472530432487,,cellaurent,in,,0,0,0,https://x.com/ttidaksukapedas/status/2105861472530432487,1529870624327249923,ttidaksukapedas
2105860721749955019,2026-10-02T03:21:35.000Z,0,"*Polisi Cek Kesiapan Posko Karhutla Tunjungan, Tim Gabungan Perkuat Kesiapsiagaan*

Kukar – Mengantisipasi ancaman kebakaran hutan dan lahan (Karhutla), personel Polsek Muara Kaman bersama unsur gabungan mengecek kesiapan Posko Karhutla di Desa Tunjungan, Kecamatan Muara Kaman, https://t.co/oKtic8Nwk4",2105860721749955019,https://pbs.twimg.com/media/HTmFKIybwAApz4n.jpg,,in,,0,0,0,https://x.com/polsekmuarajawa/status/2105860721749955019,1262290263872950273,polsekmuarajawa
2105860515109146693,2026-10-02T03:20:46.000Z,0,"*Karhutla 10 Hektare Mengancam, Polisi dan Warga Berjibaku Jinakkan Api di Kota Bangun* https://t.co/kQfL31dMmH",2105860515109146693,https://pbs.twimg.com/media/HTmE-RqaQAAVWo6.jpg,,in,,0,0,0,https://x.com/polsekmuarajawa/status/2105860515109146693,1262290263872950273,polsekmuarajawa
2105860321235911006,2026-10-02T03:20:00.000Z,1,"BENCANA kebakaran hutan dan lahan (karhutla) melanda di 25 daerah di Provinsi Jawa Timur sepanjang musim kemarau 2026 dengan total luas area yang terbakar dari seluruh wilayah tersebut mencapai 9.269,55 hektare.
https://t.co/jk1i2bjV54",2105860321235911006,,,in,,0,1,0,https://x.com/mediaindonesia/status/2105860321235911006,68930552,mediaindonesia
2105860080394744063,2026-10-02T03:19:02.000Z,150,"22 Hari Padamkan Karhutla, Honor Relawan di Palangka Raya Belum Dibayar

Baca di https://t.co/J5T9GiNtXw https://t.co/lMu6YDggxc",2105860080394744063,https://pbs.twimg.com/media/HTmEjR_a4AAzSWS.jpg,,in,,12,1,115,https://x.com/kompascom/status/2105860080394744063,23343960,kompascom
2105859913817928150,2026-10-02T03:18:23.000Z,2,"MARI BERSAMA KITA CEGAH KARHUTLA

Polres Singkawang Bersama MPA Laksanakan Patroli,

Pastikan Lahan Gambut Aman
Mari Bersama Kita Cegah Kebakaran Hutan dan Lahan
#PolresSingkawang #PoldaKalbarSiagaKarhutla
#PolriPresisi #PelayananMasyarakat #StopKarhutla https://t.co/Vm1A6o6nKU",2105859913817928150,https://pbs.twimg.com/media/HTmEbMCbwAAa5uc.jpg,,in,,0,0,0,https://x.com/SihumasResSkw/status/2105859913817928150,1534671673764421633,SihumasResSkw
2105859251554116018,2026-10-02T03:15:45.000Z,0,"Polsek Sako Palembamg melaksanakan giat Jum'at Curhat bersama warga menghimbau selalu waspada terhadap kejahatan 3c dan Himbauan Karhutla
. https://t.co/9JeCDK8iSn",2105859251554116018,,,in,,0,0,0,https://x.com/polseksako_plg/status/2105859251554116018,1101695206582214656,polseksako_plg
2105199327430012961,2026-10-02T03:10:05.000Z,1,"@imosint Bukan gagal, tapi masa tugas misi bantuannya memang sudah selesai secara resmi setelah dua minggu membantu. Terima kasih banyak untuk Pemerintah dan Tim Pasukan Bela Diri Jepang yang sudah jauh-jauh datang dan mengguyurkan ratusan ton air demi membantu penanganan karhutla",2105857828032586139,,imosint,in,,0,0,0,https://x.com/cathy_dunbar/status/2105857828032586139,522303761,cathy_dunbar
2105857500574781526,2026-10-02T03:08:47.000Z,0,"Karhutla Bukan Solusi!

Membakar hutan dan lahan mungkin terlihat seperti jalan cepat, tetapi dampaknya dapat merusak hutan dan satwa, mengancam kesehatan akibat asap, serta menimbulkan kerugian ekonomi dan sosial. https://t.co/bmVUsxmdQ6",2105857500574781526,https://pbs.twimg.com/amplify_video_thumb/2105857441560961024/img/6yhJ9m7YcEj6PVAn.jpg,,in,,0,0,0,https://x.com/ib_ii10064/status/2105857500574781526,1697415175429824512,ib_ii10064
2105857367950885142,2026-10-02T03:08:16.000Z,0,"Karhutla kembali terjadi di Pedamaran, OKI. 

Lahan terbakar berada dekat dengan kebun sawit, hanya dipisahkan
kanal.

#Karhutla #Pedamaran #OKI
#SumateraSelatan #KomisilV https://t.co/RslxhvRjSX",2105857367950885142,https://pbs.twimg.com/amplify_video_thumb/2105857288078815232/img/R940tsxKnKldZ3yr.jpg,,in,,0,0,0,https://x.com/pasukansenayan/status/2105857367950885142,1939893748995129344,pasukansenayan
2105857333159215300,2026-10-02T03:08:07.000Z,0,"Polsek Meurah Mulia Tingkatkan Patroli Malam, Cegah Karhutla dan Gangguan Kamtibmas

#Bangkitbersamapoldaaceh
#polriuntukmasyarakat
#bidhumaspoldaaceh #poldaaceh #polripresisi https://t.co/deLEGL0s6U",2105857333159215300,https://pbs.twimg.com/media/HTmCE4EaYAAvAiG.jpg,,in,,0,0,0,https://x.com/polisilhok/status/2105857333159215300,956361073459785728,polisilhok
2105856306532016232,2026-10-02T03:04:03.000Z,0,Eh giliran gw maki-maki pemerintah atau bahas karhutla kok gk hit tweet jir,2105856306532016232,,,in,,0,0,0,https://x.com/neoribosom/status/2105856306532016232,1248543783894913024,neoribosom
2105855294614245482,2026-10-02T03:00:01.000Z,29,Bencana kebakaran hutan dan lahan (karhutla) melonjak drastis di Tanah Papua dengan luas area terbakar menembus lebih dari 30.000 hektar sepanjang 2026. https://t.co/bGeiSOhigC,2105855294614245482,https://pbs.twimg.com/media/HTmAOypaoAE0xnn.jpg,,in,,0,1,9,https://x.com/MongabayID/status/2105855294614245482,483310591,MongabayID
2105855116440130001,2026-10-02T02:59:19.000Z,1,mo di kl panas sih apalagi abis kena asep karhutla 😭,2105855116440130001,,,in,,0,0,0,https://x.com/soengmo/status/2105855116440130001,743356228558950402,soengmo
2105854315239997894,2026-10-02T02:56:08.000Z,0,"Karhutla Bukan Solusi!

Membakar hutan dan lahan mungkin terlihat seperti jalan cepat, tetapi dampaknya dapat merusak hutan dan satwa, mengancam kesehatan akibat asap, serta menimbulkan kerugian ekonomi dan sosial. https://t.co/r8f8u0D4KS",2105854315239997894,,,in,,0,0,0,https://x.com/polseksako_plg/status/2105854315239997894,1101695206582214656,polseksako_plg
2105853424256630838,2026-10-02T02:52:35.000Z,0,"BRIMOB SULUT BANTU PADAMKAN KEBAKARAN KARHUTLA DI KECAMATAN MATUARI KOTA BITUNG

#Polriuntukmasyarakat
#BrimobUntukNusadanBangsa
#Jiwaragakudemikemanusiaan
#humaskorbrimobpolri https://t.co/EgRTZIJcp1",2105853424256630838,https://pbs.twimg.com/media/HTl-eybbgAA4Q07.jpg,,in,,0,0,0,https://x.com/Humas_Korbrimob/status/2105853424256630838,958188936752381952,Humas_Korbrimob
2105678187720216822,2026-10-02T02:48:31.000Z,0,"@localrkyt Kurang, penanganan karhutla disini juga dibawah kalian.disini buruk sekali, pemerintah nya lamban ayo dik Malay cari terus. Masa buat nutupin kekalahan tadi malam cuman ini aja ayok bisa yok",2105852398799634692,,localrkyt,in,,0,0,0,https://x.com/GhesidTurangga3/status/2105852398799634692,1246726148014268416,GhesidTurangga3
2105851677236760702,2026-10-02T02:45:39.000Z,2,"Satgas Karhutla Satbrimob Terus Lakukan Pemadaman dan Pembasahan di Jl. Buluh Marindu

#Polriuntukmasyarakat
#BrimobUntukNusadanBangsa
#Jiwaragakudemikemanusiaan
#humaskorbrimobpolri https://t.co/n5BN59ZmkM",2105851677236760702,https://pbs.twimg.com/media/HTl84IEaUAAk29C.jpg,,in,,0,0,0,https://x.com/Humas_Korbrimob/status/2105851677236760702,958188936752381952,Humas_Korbrimob
2105851650938486866,2026-10-02T02:45:33.000Z,84,"Polri bongkar 341 laporan kasus pembakaran hutan &amp; lahan (Karhutla) dengan total lahan terbakar mencapai puluhan ribu hektar! ​Gak cuma perorangan (196 tersangka), Polri juga lagi mengusut 96 perkara korporasi/perusahaan yang terlibat! #polri https://t.co/tjRHgtTLTD",2105851650938486866,https://pbs.twimg.com/amplify_video_thumb/2105849838508400640/img/_SLx37GCQgs4__sM.jpg,,in,,1,61,12,https://x.com/Subditkamsel/status/2105851650938486866,2019425366356684802,Subditkamsel
2105851126549770720,2026-10-02T02:43:28.000Z,0,"Indonesia nggak bisa digugat negara tetangga gegara Karhutla. Udah ada kesepakatan di negara ASEAN tahun 2013 kalau nggak salah untuk tidak saling gugat, malahan wajib saling bantu.",2105851126549770720,,,in,,0,0,0,https://x.com/Big83717Dude/status/2105851126549770720,2029516685393510400,Big83717Dude
2105850761389416922,2026-10-02T02:42:00.000Z,0,"Karhutla Bukan Solusi!

Membakar hutan dan lahan mungkin terlihat seperti jalan cepat, tetapi dampaknya dapat merusak hutan dan satwa, mengancam kesehatan akibat asap, serta menimbulkan kerugian ekonomi dan sosial.
https://t.co/W8NKWwzMrj",2105850761389416922,,,in,,0,0,0,https://x.com/IPolsekta/status/2105850761389416922,1196628560728875008,IPolsekta
2105850212812202229,2026-10-02T02:39:50.000Z,0,Personil Polsek Belitang II melaksanakan kegiatan pemasangan Benner Himbauan dan sosialisasi maklumat karhutla https://t.co/8cX1fVFHll,2105850212812202229,https://pbs.twimg.com/media/HTl7iUYasAAD86I.jpg,,in,,0,0,0,https://x.com/belitang_2/status/2105850212812202229,1462330611578785794,belitang_2
2105849614738104526,2026-10-02T02:37:27.000Z,0,"Satgas Karhutla Satbrimob Lakukan Pemadaman di Jalan Tidar IV

#Polriuntukmasyarakat
#BrimobUntukNusadanBangsa
#Jiwaragakudemikemanusiaan
#humaskorbrimobpolri https://t.co/uFhHzZ5GKn",2105849614738104526,https://pbs.twimg.com/media/HTl7BODbQAAPwSa.jpg,,in,,0,0,0,https://x.com/Humas_Korbrimob/status/2105849614738104526,958188936752381952,Humas_Korbrimob
2105849098289189337,2026-10-02T02:35:24.000Z,0,"Polsek Damai Bersama Tim Gabungan Padamkan Karhutla di Kampung Dempar

Humas Polres Kutai Barat

#PolresKutaiBarat #PolsekDamai #Karhutla #CegahKarhutla #KutaiBarat #PolriUntukMasyarakat https://t.co/5TpW9Dnh9f",2105849098289189337,https://pbs.twimg.com/media/HTl6llXbIAAc475.jpg,,in,,0,0,0,https://x.com/PolresKubar2/status/2105849098289189337,1862015656574754816,PolresKubar2
2105824584591384701,2026-10-02T02:35:21.000Z,11,"@sosmedkeras Kemenangan Timnas baru masuk Final di level AFF Asean sudah girang, mereka bilang buat hiburan kita. Selain itu apa lagi yang buat kita senang ? Tiap hari disuguhi berita Korupsi, bencana, karhutla, MBG, Kopdes, Penambangan Liar, Pajak naik, antri Barang Pokok.",2105849087304294657,,sosmedkeras,in,,0,0,0,https://x.com/Papa_aji/status/2105849087304294657,574215900,Papa_aji
2105847774030033094,2026-10-02T02:33:37.000Z,1,"Konten ini diolah dari artikel The Conversation Indonesia:

https://t.co/Rzvr98kU6l https://t.co/1mFI3V0kcJ",2105848647720341910,https://pbs.twimg.com/media/HTl6H-TaYAAsx-w.jpg,ConversationIDN,in,,0,0,0,https://x.com/ConversationIDN/status/2105848647720341910,892211698030989312,ConversationIDN
2105847774030033094,2026-10-02T02:32:57.000Z,0,"Karhutla bukan bencana musiman biasa, melainkan dampak pengabaian sistemik.

Hak atas rumah yang aman tidak bisa lepas dari keadilan tata kelola lahan di luar dindingnya. https://t.co/1tvJEkSsyh",2105848480975749473,https://pbs.twimg.com/media/HTl6Ak_bsAAfY9I.jpg,ConversationIDN,in,,0,1,0,https://x.com/ConversationIDN/status/2105848480975749473,892211698030989312,ConversationIDN
2105847774030033094,2026-10-02T02:30:52.000Z,0,Kebakaran hutan dan lahan (karhutla) mengubah fungsi rumah menjadi ruang isolasi terpaksa. Asap pekat memaksa warga mengurung diri demi bertahan hidup. https://t.co/Bsn7CeAWin,2105847958893924402,https://pbs.twimg.com/media/HTl5iOIbgAAffYb.jpg,ConversationIDN,in,,0,1,0,https://x.com/ConversationIDN/status/2105847958893924402,892211698030989312,ConversationIDN
2105847774030033094,2026-10-02T02:30:08.000Z,2,"Bagi korban karhutla, rumah tak lagi menjadi tempat aman. https://t.co/v3mRIHtpyl",2105847774030033094,https://pbs.twimg.com/media/HTl5YiHbIAAa2Yk.jpg,,in,,0,1,2,https://x.com/ConversationIDN/status/2105847774030033094,892211698030989312,ConversationIDN
2105847113515151809,2026-10-02T02:27:31.000Z,935,"Hutan sehat bikin hidup lebih baik! Jaga hutan berarti pelihara sumber air &amp; kualitas lingkungan. Yuk, cegah karhutla dari sekarang! Ingat: Kenali informasi, saring sebelum sharing. https://t.co/cf1QENoPGl",2105847113515151809,https://pbs.twimg.com/media/HTl4yBzb0AALG9E.jpg,,in,,0,10,0,https://x.com/pilarkeamanan/status/2105847113515151809,1320580072185581568,pilarkeamanan
2105846152541381057,2026-10-02T02:23:42.000Z,4,"Asap melintasi batas negara, siapa yang bertanggung jawab? Apakah negara tetangga dapat menggugat Indonesia? Apakah warga yang terdampak dapat menuntut pemerintah? Dan apakah gugatan hukum mampu menghentikan siklus karhutla yang berulang hampir setiap tahun?",2105846152541381057,,,in,,1,1,1,https://x.com/aik_arif/status/2105846152541381057,218665104,aik_arif
2105712853256978741,2026-10-02T02:22:59.000Z,0,@Keeentutt bukan nya kalian yg muji2 mereka kmrn karna masalah karhutla🤣🤣,2105845972878418027,,Keeentutt,in,,0,0,0,https://x.com/Chacha161100/status/2105845972878418027,1098268840897593344,Chacha161100
2105845042875355398,2026-10-02T02:19:17.000Z,0,Kegiatan Patroli dan sosialisasi karhutla diwilkum Polsek Bandar Baru https://t.co/SvrePA0sJl,2105845042875355398,https://pbs.twimg.com/media/HTl2337a4AA9AjJ.jpg,,in,,0,0,0,https://x.com/PolsekBdrBaru79/status/2105845042875355398,1587274809599266817,PolsekBdrBaru79
2105844397233569819,2026-10-02T02:16:43.000Z,0,"Tanpa membela Dek Ricis, posisi dia tetap sebagai pelanggan yang membayar layanan, meski ada diskon atau kesepakatan lain. Dalam bisnis hospitality sepengetahuan saya, pelanggan tidak seharusnya diminta memahami persoalan operasional internal. Sederhananya, layanan dijanjikan,",2105844397233569819,,,in,,0,0,1,https://x.com/Oxbims/status/2105844397233569819,1830764157303693312,Oxbims
2105812041189728272,2026-10-02T02:12:17.000Z,0,@iman388890182 @MalayaFutbol @grok Bukan dibayar.. tapi mereka sepakat buat kita Gak kefinal..Karna dendam masalah karhutla,2105843281993335016,,iman388890182,in,,0,2,0,https://x.com/fansMUmen/status/2105843281993335016,2064906032862912512,fansMUmen
2105667063553380603,2026-10-02T02:04:53.000Z,0,"@Rainism08 Sudah pak cik.. biarkan kita indonesian.. nikmatin momentum ini.. karena emang kita kalah semua Hal.. Malaysia emang unggul dalam semua..🙌🙌 enjoy the momentum.. 
1 lagi pendapat saya kenapa Singapore keliatan sengaja kalah..mungkin Karna dendam kita ngirim Asap karhutla🤣🙌",2105841420317905041,,Rainism08,in,,0,1,0,https://x.com/fansMUmen/status/2105841420317905041,2064906032862912512,fansMUmen
2105840196319158367,2026-10-02T02:00:02.000Z,15,"DPD Taruna Merah Putih Sulawesi Utara bergotong royong bersama tim dan relawan pemadam dalam menghadapi kebakaran lahan dan hutan (karhutla) di kaki Gunung Klabat.

Taruna Merah Putih juga memberikan dukungan logistik untuk membantu kebutuhan tim dan relawan selama berjibaku https://t.co/8xzTU7k5Gd",2105840196319158367,https://pbs.twimg.com/amplify_video_thumb/2105703634629808128/img/pREwW5IMj_gfik7m.jpg,,in,,0,0,3,https://x.com/PDI_Perjuangan/status/2105840196319158367,153407983,PDI_Perjuangan
2105698693861245137,2026-10-02T01:57:21.000Z,0,"@GIZISAMA Mungkin mereka sepakat kerja sama Karna Indonesia udah kasih mereka asap karhutla..makanya mereka dendam.. kalau korupsi mungkin samain sama mental bangsat indonesia yg korup.. yg dikit"" Uang..",2105839523909537836,,GIZISAMA,in,,0,1,0,https://x.com/fansMUmen/status/2105839523909537836,2064906032862912512,fansMUmen
2105810447991722235,2026-10-02T01:56:42.000Z,0,@inipandaaaaa Ga manuk akal. Pdhal spore secara angka masih bisa lolos. Terlalu gilaaa kalo mereka bermain sabun. Atau mereka sengaja ingin malaysia lolos karna kesal audah dikirim asap karhutla? 🤣🤣🤣,2105839360986030127,,inipandaaaaa,in,,0,1,0,https://x.com/Indrovertt/status/2105839360986030127,500822473,Indrovertt
2105837188621750756,2026-10-02T01:48:04.000Z,0,Patroli karhutla Polsek Blangpidie https://t.co/J90WhHeotu,2105837188621750756,https://pbs.twimg.com/amplify_video_thumb/2105835919903518720/img/Vm0LMbx9FgXmgo3e.jpg,,und,,0,0,0,https://x.com/azizz7ak/status/2105837188621750756,2092056478417027072,azizz7ak
2105837076092723563,2026-10-02T01:47:38.000Z,1,"Stop Karhutla
Jangan membakar hutan, Lahan dan kebun

#poldasumsel #polresprabumulih
#kapolresprabumulih #AKBPGunarto
#humaspolresprabumulihMelayaniMasyarakatDenganPenuhKeikhlasan https://t.co/KmLdoneTMq",2105837076092723563,https://pbs.twimg.com/media/HTlvp5QasAANM9D.jpg,,in,,0,0,0,https://x.com/polres_sikum/status/2105837076092723563,1596860869270720512,polres_sikum
2105836363732111546,2026-10-02T01:44:48.000Z,1,"HUTAN MILIK KITA BERSAMA
Pencegahan karhutla membutuhkan kerja sama antara masyarakat, petugas, dan pemerintah. Dengan menjaga lingkungan, menghindari aktivitas yang dapat memicu kebakaran, serta melaporkan titik api dengan cepat. https://t.co/pYbuliiz6F",2105836363732111546,https://pbs.twimg.com/media/HTlvAi5bsAABuwg.jpg,,in,,0,0,0,https://x.com/TimurParadise/status/2105836363732111546,1866358899961733120,TimurParadise
2105836320774062457,2026-10-02T01:44:38.000Z,0,"BRIMOB SULUT BANTU PADAMKAN KEBAKARAN KARHUTLA DI KECAMATAN MATUARI KOTA BITUNG

Personel Satuan Brimob Polda Sulawesi Utara turut membantu upaya pemadaman kebakaran hutan dan lahan (Karhutla) yang terjadi di wilayah Kecamatan Matuari, Kota Bitung. https://t.co/siO90zkMxM",2105836320774062457,https://pbs.twimg.com/media/HTlu8txa4AACkfV.jpg,,in,,0,0,0,https://x.com/ppidbrimobsulut/status/2105836320774062457,1227034081407291392,ppidbrimobsulut
2105836017253277718,2026-10-02T01:43:25.000Z,1,"MALUKU TANPA KARHUTLA
Mari mulai dari hal sederhana: jangan membuang puntung rokok sembarangan dan jangan meninggalkan api saat beraktivitas di kawasan hutan. Kepedulian terhadap lingkungan merupakan langkah nyata untuk menjaga Maluku tetap hijau, aman, dan lestari. https://t.co/t04Vr15cFq",2105836017253277718,https://pbs.twimg.com/media/HTlusb7akAAkzLs.jpg,,in,,0,0,0,https://x.com/TimurParadise/status/2105836017253277718,1866358899961733120,TimurParadise
2105835595163660654,2026-10-02T01:41:45.000Z,1,"API BUKAN SOLUSI!
Membakar sampah atau membuka lahan dengan api dapat meningkatkan risiko terjadinya karhutla, terutama ketika kondisi lingkungan kering. Gunakan cara yang lebih aman dalam mengelola sampah dan lahan. Cegah kebakaran sebelum api meluas. https://t.co/6qV59nR551",2105835595163660654,https://pbs.twimg.com/media/HTluT0EaUAAjE0H.jpg,,in,,0,0,0,https://x.com/TimurParadise/status/2105835595163660654,1866358899961733120,TimurParadise
2105811440892576233,2026-10-02T01:41:26.000Z,0,"@satirnesia Berarti ntar asep karhutla masuk Malaysia sampai kiamat juga, dong😅",2105835517632020928,,satirnesia,in,,0,0,0,https://x.com/aawwaaaawwaa/status/2105835517632020928,1498311011228864513,aawwaaaawwaa
2105835380927066244,2026-10-02T01:40:53.000Z,1,"Hutan Maluku merupakan kekayaan alam yang harus dijaga bersama. Satu api kecil dapat berkembang menjadi kebakaran besar yang merusak hutan, mengancam satwa, dan mengganggu kehidupan masyarakat. Mari cegah karhutla dengan tidak membakar hutan dan lahan secara sembarangan. https://t.co/ZYYx1OXRLx",2105835380927066244,https://pbs.twimg.com/media/HTluHT8acAAEI1z.jpg,,in,,0,0,0,https://x.com/TimurParadise/status/2105835380927066244,1866358899961733120,TimurParadise
2105834027131510963,2026-10-02T01:35:31.000Z,0,Patroli Karhutla https://t.co/SfeOUygpYi,2105834027131510963,https://pbs.twimg.com/amplify_video_thumb/2105833960907685888/img/243y6pWM6jL0rPZv.jpg,,und,,0,0,0,https://x.com/pendim1207ptk/status/2105834027131510963,1332241207225851905,pendim1207ptk
2105832436454338819,2026-10-02T01:29:11.000Z,0,"STOP Karhutla! Aksi PLN UP3 Palembang Pulihkan Infrastruktur Terdampak di Tanjung Api-Api

#plns2jb #PLNJagaKamu #PLNUntukIndonesia #1EnergySolutions https://t.co/XTbS1jtz9c",2105832436454338819,https://pbs.twimg.com/media/HTlq-nBa0AAc0mS.jpg,,in,,0,0,0,https://x.com/JambiPln/status/2105832436454338819,1372468004110311429,JambiPln
2105822264063361310,2026-10-02T01:28:36.000Z,1,@txtdaritaxpayer 3. Karhutla,2105832288273809612,,txtdaritaxpayer,tr,,0,0,0,https://x.com/anyingpukimak/status/2105832288273809612,1804826359929393152,anyingpukimak
2105669396811403535,2026-10-02T01:28:10.000Z,0,"@ardi_tama1 Pernah diajak dugem kakak kelas sekali, sesek mengi karena di dalem asep rokok udah kayak karhutla + pekak telinga 🥹",2105832176910750022,,ardi_tama1,in,,0,0,0,https://x.com/syahrul1988/status/2105832176910750022,262906352,syahrul1988
2105678187720216822,2026-10-02T01:28:05.000Z,0,"@localrkyt Bukan nak riak , tapi buat apa kaya kalo masih sama sama kena asap karhutla 😭😅✌🏻",2105832159080845525,,localrkyt,in,,0,0,0,https://x.com/qulfadh207/status/2105832159080845525,1982738380023808000,qulfadh207
2105831414034030933,2026-10-02T01:25:08.000Z,0,"STOP Karhutla! Aksi PLN UP3 Palembang Pulihkan Infrastruktur Terdampak di Tanjung Api-Api

#plns2jb #PLNJagaKamu #PLNUntukIndonesia #1EnergySolutions https://t.co/rihTPtLd2H",2105831414034030933,https://pbs.twimg.com/media/HTlqTUpaoAAMiCP.jpg,,in,,0,0,0,https://x.com/electrizen_JMB/status/2105831414034030933,1640614814270775297,electrizen_JMB
2105830616252211550,2026-10-02T01:21:58.000Z,1,"Asap karhutla masih menyelimuti Palangka Raya, Kalteng. Semoga kondisi segera membaik dan warga tetap aman. 🙏

#Karhutla #PalangkaRaya #KalimantanTengah #KomisiIV #pdiperjuangan https://t.co/9lp98xA9qI",2105830616252211550,https://pbs.twimg.com/amplify_video_thumb/2105830565215936512/img/CYS2bAof1v6DFnyl.jpg,,in,,0,0,1,https://x.com/pasukansenayan/status/2105830616252211550,1939893748995129344,pasukansenayan
2105829007883210904,2026-10-02T01:15:34.000Z,0,"Kabut asap menjadi masalah lintas batas negara, sementara di dalam negeri gugatan warga menguji seberapa jauh negara bisa dimintai pertanggungjawaban atas karhutla. #Lingkungan #AdadiKompas

https://t.co/ftoyoI9AJO",2105829007883210904,,,in,,0,0,0,https://x.com/kompasmuda/status/2105829007883210904,79237556,kompasmuda
2105828423155286434,2026-10-02T01:13:15.000Z,0,"Kabut asap menjadi masalah lintas batas negara, sementara di dalam negeri gugatan warga menguji seberapa jauh negara bisa dimintai pertanggungjawaban atas karhutla. #Lingkungan #AdadiKompas 

https://t.co/LN1TTZpacZ",2105828423155286434,,,in,,0,0,0,https://x.com/hariankompas/status/2105828423155286434,255866913,hariankompas
2105828285066191353,2026-10-02T01:12:42.000Z,0,"Kabut asap menjadi masalah lintas batas negara, sementara di dalam negeri gugatan warga menguji seberapa jauh negara bisa dimintai pertanggungjawaban atas karhutla. #Lingkungan #AdadiKompas
  
https://t.co/BKh9LIiqPC",2105828285066191353,,,in,,0,0,0,https://x.com/KompasData/status/2105828285066191353,771030588,KompasData
2105828132548944132,2026-10-02T01:12:05.000Z,0,"Sat lantas polres tanah laut melakukan pantauan arus lalu lintas di wilayah terdampak karhutla terpantau aman dan lancar.
Petugas terus melakukan pemantauan untuk memastikan kondisi jalan tetap kondusif serta memberikan rasa aman bagi para pengguna jalan. https://t.co/DxtRwE6qK6",2105828132548944132,https://pbs.twimg.com/amplify_video_thumb/2105828048084127744/img/RDnUFnAtP0WX-PuS.jpg,,in,,0,0,0,https://x.com/satlantastala1/status/2105828132548944132,1964983614443057152,satlantastala1
2105827044982722610,2026-10-02T01:07:46.000Z,107,"unsr! mari bahas urgensi yang lebih penting sekarang. Pemerintah sudah menyalurkan Banpres Rp100 miliar untuk percepatan penanganan karhutla dan bencana di Sumsel. Tapi pagi ini, 02/10/26, udara kita masih pekat oleh asap. https://t.co/RAPisnS3xY",2105827044982722610,https://pbs.twimg.com/media/HTlmiVIbkAANvma.jpg,,in,,7,1,22,https://x.com/unsrifess/status/2105827044982722610,1482254538,unsrifess
2105826067785347172,2026-10-02T01:03:55.000Z,0,"..langsung di atas kapal perang raksasa JS Kunisaki! 🚢✨ 

Penghargaan matra laut ini jadi bukti apresiasi tertinggi dari Indonesia atas dedikasi prajurit AL Jepang yang udah terjun langsung bantu pemadaman karhutla di Kalimantan via misi kemanusiaan.",2105826073841930749,,unclesjafrie_,in,,0,1,0,https://x.com/unclesjafrie_/status/2105826073841930749,1990253223123529728,unclesjafrie_
2105823047110578308,2026-10-02T00:51:53.000Z,1,"Jangan Membakar Hutan, Lahan dan Kebun 
Stop Karhutla!
Peduli api, peduli sesama

#poldasumsel #polresprabumulih
#kapolresprabumulih #AKBPGunarto
#humaspolresprabumulih MelayaniMasyarakatDenganPenuhKeikhlasan https://t.co/evfdNvsMvk",2105823047110578308,https://pbs.twimg.com/media/HTli5b2bEAA3fCd.jpg,,in,,0,0,0,https://x.com/ResPbm/status/2105823047110578308,3280861304,ResPbm
2105822542489686347,2026-10-02T00:49:53.000Z,1245,"Karhutla sangat dekat dari Gedung Sekolah di Kaltim, Siswa &amp; Guru Gotong-royong padamkan api

Kebakaran lahan gambut di Kabupaten Berau, Kalimantan Timur, Rabu siang (30/9)

Karhutla terjadi karena ada pernyataan akan di perbanyak tanam Sawit, ya makhluk itulah yg harus t.jwb. https://t.co/nGlbO0OSby",2105822542489686347,https://pbs.twimg.com/amplify_video_thumb/2105822480841773056/img/cm1DsBIeGMqpCQkm.jpg,,in,,11,1,863,https://x.com/NMS_Sukmajati/status/2105822542489686347,2504369346,NMS_Sukmajati
2105822389506576829,2026-10-02T00:49:16.000Z,4,"Ini bukan sekadar pemandangan. Ini adalah pengingat bahwa #Karhutla di #Kalimantan bukan hanya isu lingkungan, tapi isu kemanusiaan, kesehatan, dan ekonomi.
​
Pulang Pisau, Kalteng, 2026. https://t.co/oYTQ3HaTz4",2105822389506576829,https://pbs.twimg.com/media/HTliSyKaIAADdYB.jpg,,in,,0,0,0,https://x.com/AsepzMulyadi/status/2105822389506576829,890290692,AsepzMulyadi
2105822116910416007,2026-10-02T00:48:11.000Z,27,"Hidup di Palembang dan wilayah lain yg terkena dampak karhutla setiap harinya menggunakan mode survival. Udara bersih? Kami harus beli purifier. Kasus ispa tembus 125 ribu, ambulan semakin banyak lewat, damkar setiap menit bekerja tanpa lelah. Pemimpinnya? Holiday (ytta) 😤😤 https://t.co/LmZzJHIL9m",2105822116910416007,https://pbs.twimg.com/media/HTliAqNbQAA0FNB.jpg,,in,,4,2,25,https://x.com/yossioccy/status/2105822116910416007,115919316,yossioccy
2105819121040666626,2026-10-02T00:36:17.000Z,2,jarak pandang karhutla cuma 100-200 meter tu gilaakkk sih,2105819121040666626,,,in,,0,0,0,https://x.com/marchidris/status/2105819121040666626,1413901623605170177,marchidris
2105783921376158118,2026-10-02T00:34:07.000Z,0,"@wafiyqqqq Bangun udah pagi pak cik, saatnya hisap asap karhutla lagi🗿",2105818575919530216,,wafiyqqqq,in,,0,0,0,https://x.com/RedcardHell/status/2105818575919530216,1508314282504900612,RedcardHell
2105813994485502275,2026-10-02T00:30:04.000Z,0,"@americanona02 Jangan dipendam, luapkan saja.
Siapa tau saking meluapnya bisa bantu padamkam karhutla di Palembang",2105817557806743570,,americanona02,in,,0,1,0,https://x.com/adharozak/status/2105817557806743570,76926791,adharozak
2105815758395904358,2026-10-02T00:22:55.000Z,1,"Pemerintah Provinsi Kalimantan Tengah menyalurkan Bantuan Pangan Gubernur dan Kartu Huma Betang Sejahtera (KHBS) Tahap II bagi masyarakat terdampak Kebakaran Hutan dan Lahan (Karhutla) di Kecamatan Katingan Tengah, Kamis (01/10/2026) https://t.co/04s4ZvTwFW",2105815758395904358,https://pbs.twimg.com/media/HTlcO2XaMAAaiMz.jpg,,in,,0,0,0,https://x.com/DLutkanKalteng/status/2105815758395904358,1824350411031195648,DLutkanKalteng
2105738003050291609,2026-10-02T00:20:17.000Z,1,"@achmadfahrizal_ Betul, akupun cenblue biar postinganku ttg karhutla lebih meluas. Kami desperate sekali 🥲",2105815096127811738,,achmadfahrizal_,in,,0,1,0,https://x.com/yossioccy/status/2105815096127811738,115919316,yossioccy
2105814206776009017,2026-10-02T00:16:45.000Z,30,"Karhutla sangat dekat dari Gedung Sekolah di Kaltim, Siswa &amp; Guru Gotong-royong padamkan api

Kebakaran lahan gambut di Kabupaten Berau, Kalimantan Timur, Rabu siang (30/9), sudah mendekati gedung Madrasah Aliyah Negeri Berau. https://t.co/pH8AFsmhaY",2105814206776009017,https://pbs.twimg.com/amplify_video_thumb/2105814114975305728/img/WGM1uN2noJUPKE9u.jpg,,in,,0,2,24,https://x.com/LuckyLaki24/status/2105814206776009017,1918263473949294596,LuckyLaki24
2105813538946298338,2026-10-02T00:14:06.000Z,40,"Selamat pagi kembali dari kota Palembang yang hari ini (2 Okt 2026) asapnya lebih pekat. Bahkan Ampera setinggi itu hilang tertutup asap. Real kota kita blur 🥲 ini tengah kota loh, yg di pinggiran kota lebih parah karna lebih dekat dengan lokasi karhutla https://t.co/OJNjERhWMq",2105813538946298338,https://pbs.twimg.com/media/HTlaPDmbAAAR40r.jpg,,in,,3,2,26,https://x.com/yossioccy/status/2105813538946298338,115919316,yossioccy
2105811798889050557,2026-10-02T00:07:11.000Z,5836,"moots pls bantu viralin dong 😭🌳 kebakaran lahan di sumsel ga kelar kelar udh 2 bulan anjir bukannya membaik malah makin tebel aja gw liat-liat😓mana gaada kemajuan

AMPERA AJA AMPE GA KELIATAN LOH MAKSUT GW ITU YG NGEBAKAR NAPASNYA PAKE INSANG KAH
#sumsel #karhutla #tolongplis https://t.co/JMi5rR7imY",2105811798889050557,https://pbs.twimg.com/amplify_video_thumb/2105811760897044480/img/DdM0XgQZBgpuEdFP.jpg,,in,,166,58,4459,https://x.com/ed_mamartinan/status/2105811798889050557,1588657736702885888,ed_mamartinan
2105809679440114158,2026-10-01T23:58:46.000Z,0,"Apapun yang terjadi saya tetap harus bekerja 💪🏻
Btw ini asap polusi karhutla ya ges bukan embun di pagi buta yang menebarkan bau basah kalau ini baunyaaa wow emejing membuat mata perih dan sesak nafas
Taaapi yaaaa hidup tetap harus berjalan kalau ga kerja nanti uang saya dipotong https://t.co/fSm98Ko4m6",2105809679440114158,https://pbs.twimg.com/amplify_video_thumb/2105809560389001216/img/OpRPt3zu0kXhSxfd.jpg,,in,,0,0,0,https://x.com/Lactococcuss/status/2105809679440114158,1425626209556197377,Lactococcuss
2105809133463367833,2026-10-01T23:56:36.000Z,0,"Gw kena Asep kebakaran tpa Jatibarang aja segini gak enaknya, apalagi yg kena Asep karhutla ya... 😓😓😓
Semoga hujan cepet turun deh",2105809133463367833,,,in,,0,0,0,https://x.com/maerakuningijo/status/2105809133463367833,1336494598420480000,maerakuningijo
2105801486622179670,2026-10-01T23:26:12.000Z,40,"ngakak bgt baru aja akur malaysia dan indonesia bersatu melawan karhutla maki maki pemerintah indo.

sekarang berantem lagi grgr bola 😭",2105801486622179670,,,in,,0,6,6,https://x.com/bluenyvaley/status/2105801486622179670,1243833395987140609,bluenyvaley
2105799036867575936,2026-10-01T23:16:28.000Z,0,kalo dikalimantan udah gw lempar ke kobaran api karhutla,2105799036867575936,,,in,,0,0,0,https://x.com/milesmorabel/status/2105799036867575936,1213325660409585664,milesmorabel
2105793318756209003,2026-10-01T22:53:45.000Z,1,"Memutuskan beli cenblue sebulan untuk menyuarakan karhutla ini, siapa tau org atas sana ada yg kebaca dan tergerak hatinya",2105793318756209003,,,in,,0,0,0,https://x.com/yossioccy/status/2105793318756209003,115919316,yossioccy
2105789564518539500,2026-10-01T22:38:50.000Z,1,"kaget bangun² kabut asap kebakaran setebal inii, Lokasi Pulang Pisau Kalimantan Tengah #karhutla https://t.co/dFHBbDVLBw",2105789564518539500,https://pbs.twimg.com/amplify_video_thumb/2105789519937392640/img/-al4113yv7EP6ddv.jpg,,in,,0,0,0,https://x.com/xpjmr/status/2105789564518539500,1287331980401549312,xpjmr
2105788966796697943,2026-10-01T22:36:28.000Z,0,"Penganugerahan Satyalancana Dharma Samudera menjadi penanda berakhirnya misi bantuan Jepang dalam mendukung penanganan karhutla di Kalimantan Barat. 
https://t.co/1x17BBFAay",2105788966796697943,,,in,,0,1,0,https://x.com/TreverDaugrdam/status/2105788966796697943,2083638440759865344,TreverDaugrdam
2105788827357082087,2026-10-01T22:35:54.000Z,0,Misi pemadaman karhutla oleh helikopter Jepang menjadi bagian dari respons kemanusiaan sekaligus memperkuat kerja sama kedua negara. https://t.co/aXaakYzog2,2105788827357082087,https://pbs.twimg.com/media/HTlDwUMa8AAzguV.jpg,,in,,0,0,0,https://x.com/JeraldBatzj30a/status/2105788827357082087,2083590874307428352,JeraldBatzj30a
2105779611699380619,2026-10-01T21:59:17.000Z,0,Kegiatan Sosialisasi dan pencegahan terhadap Karhutla di wilayah Kecematan Karang Bintang Kab.Tanah Bumbu https://t.co/dP56zxcWqs,2105779611699380619,https://pbs.twimg.com/media/HTk7ZD6bIAAaUb-.jpg,,in,,0,0,0,https://x.com/Polsekkarbin1/status/2105779611699380619,1599567689814458369,Polsekkarbin1
2105777486919602238,2026-10-01T21:50:50.000Z,50,"Menteri Pertahanan Sjafrie Sjamsoeddin memberikan penghargaan resmi kepada pasukan bantuan dari Jepang yang turut berjuang menanggulangi bencana kebakaran hutan dan lahan (karhutla) di Indonesia.

https://t.co/I3ZN652UeI",2105777486919602238,,,in,,0,48,50,https://x.com/stardustch_/status/2105777486919602238,1305147217003466752,stardustch_
2105770139341988172,2026-10-01T21:21:39.000Z,69,Menhan Sjafrie Beri Penghargaan Bagi Pasukan Jepang yang Bantu Padamkan Karhutla https://t.co/pyN6tUsRXi,2105770139341988172,https://pbs.twimg.com/media/HTkyx3KakAA0TXO.jpg,,in,,0,144,149,https://x.com/panandira/status/2105770139341988172,2011406160243687424,panandira
2105157479902724381,2026-10-01T21:01:08.000Z,1,@bandungfootball Harusnya kan ini hutang ditagihkan ke peesssii kenapa jadi yang onoh yang pada karhutla yaa aneh bin heran ajiigg,2105764976560603558,,bandungfootball,in,,0,0,0,https://x.com/83Bubun/status/2105764976560603558,1452849472791191552,83Bubun
2105757203982692816,2026-10-01T20:30:15.000Z,61,Menhan Sjafrie Beri Penghargaan Bagi Pasukan Jepang yang Bantu Padamkan Karhutla https://t.co/KXRtHyJrBJ,2105757203982692816,,,in,,0,78,74,https://x.com/AyuPusparuri/status/2105757203982692816,2070239762116685824,AyuPusparuri
2105754583851303077,2026-10-01T20:19:50.000Z,0,"Bantu Padamkan Karhutla di Kalimantan, Menhan Sjafrie Anugerahkan Tanda Kehormatan kepada 361 Personel JMSDF Jepang
https://t.co/E8SmazIhru",2105754583851303077,,,in,,0,0,0,https://x.com/annahariyani2/status/2105754583851303077,1273944415,annahariyani2
2105670612421386308,2026-10-01T20:19:26.000Z,0,@iansgft Solidaritas negara terdampak karhutla prabdh,2105754483552870627,,iansgft,in,,0,0,0,https://x.com/whoyoursdaddy/status/2105754483552870627,1192185811,whoyoursdaddy
2105749731150381380,2026-10-01T20:00:33.000Z,1,"Menteri Pertahanan Sjafrie Sjamsoeddin melepas langsung kepulangan sekaligus memberikan perhargaan Satya lencana Dharma Samudera ke 361 personel Jepang usai berkontribusi dalam penanganan karhutla di Kalimantan Barat.
https://t.co/jm7FwJPuTu",2105749731150381380,,,in,,0,1,0,https://x.com/TRTindonesia/status/2105749731150381380,1793626602623897601,TRTindonesia
2105744562488492059,2026-10-01T19:40:01.000Z,1,"BNPB bersama tim gabungan melaporkan keberhasilan pemadaman karhutla seluas 3.799,73 hektare di enam provinsi prioritas di Sumatera dan Kalimantan sepanjang 24–30 September 2026. 
https://t.co/Q0ye64orn0",2105744562488492059,,,in,,0,0,0,https://x.com/TRTindonesia/status/2105744562488492059,1793626602623897601,TRTindonesia
2105742728462274639,2026-10-01T19:32:43.000Z,0,"Antisipasi Karhutla di Kepulauan Meranti, Tim Gabungan Pantau Kelembapan Lahan Gambut Tanjung Peranap www.​goriau.​com/ragam/antisipasi-karhutla-di-kepulauan-meranti-tim-gabungan-pantau-kelembapan-lahan-gambut-tanjung-peranap.​html https://t.co/foFXSJ8mXH",2105742728462274639,https://pbs.twimg.com/media/HTkZ2luakAAE4wD.jpg,,in,,0,0,0,https://x.com/GoRiauCom/status/2105742728462274639,1632918924,GoRiauCom
2105742578536923607,2026-10-01T19:32:08.000Z,0,"Bangga banget liatnya! Menhan Sjafrie Beri Penghargaan Bagi Pasukan Jepang yang Bantu Padamkan Karhutla. Gak cuma melepas, tapi dikasih penghargaan yang layak. Ini baru etika diplomasi yang keren. Terima kasih JMSDF! https://t.co/lzRO4956jE",2105742578536923607,https://pbs.twimg.com/media/HTkZtoRaYAA8MnE.jpg,,in,,0,0,0,https://x.com/imongizal/status/2105742578536923607,1864905052714160128,imongizal
2105742401507914004,2026-10-01T19:31:25.000Z,0,"Kelas! Menhan Sjafrie Beri Penghargaan Bagi Pasukan Jepang yang Bantu Padamkan Karhutla. Saling menghargai itu penting, mereka jauh-jauh dari Jepang bantu kita. Respect untuk Pak Menhan dan JMSDF!
https://t.co/O6wMY1sOy7",2105742401507914004,,,in,,0,0,0,https://x.com/imongizal/status/2105742401507914004,1864905052714160128,imongizal
2105733218578428316,2026-10-01T18:54:56.000Z,2,"i remember seeing a vid of barito during peak of karhutla and it deadass looked like mars, crazy stuff",2105733218578428316,,,en,,0,1,0,https://x.com/apkwss_/status/2105733218578428316,1439600812561338372,apkwss_
2105727449103585462,2026-10-01T18:32:01.000Z,0,"gausah heran, negara korban karhutla lgi kerja sama",2105727449103585462,,,in,,0,0,0,https://x.com/darqmode/status/2105727449103585462,1652407812,darqmode
2105720380220657687,2026-10-01T18:03:55.000Z,2,Kemenko Polkam: 1.​516 Hektare Karhutla Dipadamkan dalam 3 Hari dlvr.​it/TVkgZZ https://t.co/117WREnUaS,2105720380220657687,https://pbs.twimg.com/media/HTkFhh_bQAAf3ZF.jpg,,in,,0,0,0,https://x.com/kompascom/status/2105720380220657687,23343960,kompascom
2105718725471252772,2026-10-01T17:57:21.000Z,0,"Hilangnya pepohonan memicu erosi tanah, banjir, serta krisis air bersih saat musim hujan maupun kemarau. Mari waspada dampak sekunder karhutla

#karhutla #kalimantan #iklim",2105718725471252772,,,in,,0,0,0,https://x.com/Amiruddin0Ahmad/status/2105718725471252772,3274869528,Amiruddin0Ahmad
2105273838112317563,2026-10-01T17:51:32.000Z,0,"@putriihappyy alhamdulillah, kerja sama ini bawa harapan baru buat pencegahan karhutla",2105717264641372434,,putriihappyy,in,,0,0,0,https://x.com/bulanjamila/status/2105717264641372434,2019720174119829505,bulanjamila
2105712351324561479,2026-10-01T17:32:01.000Z,0,"Perkara 6-0 apa mereka kesel sama kita gara2 Asep karhutla kemaren ya... 🙄, spt biasa baby Soemitro yg ga becus yg nanggung rakyat... Dih ...",2105712351324561479,,,in,,0,0,0,https://x.com/princessvita/status/2105712351324561479,115397752,princessvita
2105712213541482716,2026-10-01T17:31:28.000Z,25,"Jends! Menurut kalian kl cowo pacarmu gamau diajak bahas soal negara termasuk karhutla, palestine, dll, krn udh cape dgn kesusahan diri sendiri, gmn? Jujur ya, kdg dia gamau tau beritanya, sampe udh ku ajak ya gt. Jujur bosen obrolan soal hubungan doang atau ngomong in org. Help",2105712213541482716,,,in,,2,5,0,https://x.com/unsoedmfs/status/2105712213541482716,1855834355165544448,unsoedmfs
2105709724868182416,2026-10-01T17:21:35.000Z,2,BNPB: Jumlah Titik Karhutla Makin Meningkat di Kalbar dan Kalteng dlvr.​it/TVkdx6 https://t.co/TQlvINTja6,2105709724868182416,https://pbs.twimg.com/media/HTj71iMawAELW7e.jpg,,in,,0,0,2,https://x.com/kompascom/status/2105709724868182416,23343960,kompascom
2105702533565976726,2026-10-01T16:53:00.000Z,0,Karhutla di Pulau Karakelang Talaud Sulawesi Utara - https://t.co/7aUGDwOUSm,2105702533565976726,,,in,,0,0,0,https://x.com/darilautID/status/2105702533565976726,1014415663404728320,darilautID
2105702150118739979,2026-10-01T16:51:29.000Z,0,"Nikmatilah. Terlalu banyak perkara buruk yang kamu semua telah lalui. Semoga hari ini kamu berbahagia. Dari punya presiden tolol, mengakui Israel. politician out of touch, MBG beracun, jerebu dan karhutla, rupiah merudum, passport lemah. Selamat ya!",2105702150118739979,,,in,,0,1,0,https://x.com/aimankmsrn/status/2105702150118739979,521047238,aimankmsrn
